0 verbose cli C:\nvm4w\nodejs\node.exe C:\nvm4w\nodejs\node_modules\npm\bin\npm-cli.js
1 info using npm@10.9.2
2 info using node@v22.15.0
3 silly config load:file:C:\Users\User\AppData\Local\nvm\v22.15.0\node_modules\npm\npmrc
4 silly config load:file:D:\My-Wallet\frontend-admin\.npmrc
5 silly config load:file:C:\Users\User\.npmrc
6 silly config load:file:C:\nvm4w\nodejs\etc\npmrc
7 verbose title npm install
8 verbose argv "install" "--prefer-offline" "--no-fund" "--no-audit"
9 verbose logfile logs-max:10 dir:D:\My-Wallet\.npm-cache\_logs\2026-08-01T12_17_05_193Z-
10 verbose logfile D:\My-Wallet\.npm-cache\_logs\2026-08-01T12_17_05_193Z-debug-0.log
11 silly logfile done cleaning log files
12 silly packumentCache heap:2197815296 maxSize:549453824 maxEntrySize:274726912
13 http fetch GET 200 https://registry.npmjs.org/npm 3286ms
14 silly idealTree buildDeps
15 silly fetch manifest axios@^1.7.7
16 silly packumentCache full:https://registry.npmjs.org/axios cache-miss
17 http fetch GET 200 https://registry.npmjs.org/axios 1286ms (cache miss)
18 silly packumentCache full:https://registry.npmjs.org/axios set size:undefined disposed:false
19 silly fetch manifest react@^18.3.1
20 silly packumentCache full:https://registry.npmjs.org/react cache-miss
21 http fetch GET 200 https://registry.npmjs.org/react 9800ms (cache miss)
22 silly packumentCache full:https://registry.npmjs.org/react set size:undefined disposed:false
23 silly fetch manifest react-dom@^18.3.1
24 silly packumentCache full:https://registry.npmjs.org/react-dom cache-miss
25 http fetch GET 200 https://registry.npmjs.org/react-dom 6252ms (cache miss)
26 silly packumentCache full:https://registry.npmjs.org/react-dom set size:undefined disposed:false
27 silly fetch manifest react-router-dom@^6.26.2
28 silly packumentCache full:https://registry.npmjs.org/react-router-dom cache-miss
29 http fetch GET 200 https://registry.npmjs.org/react-router-dom 3183ms (cache miss)
30 silly packumentCache full:https://registry.npmjs.org/react-router-dom set size:undefined disposed:false
31 silly fetch manifest @types/react@^18.3.11
32 silly packumentCache full:https://registry.npmjs.org/@types%2freact cache-miss
33 http fetch GET 200 https://registry.npmjs.org/@types%2freact 1786ms (cache miss)
34 silly packumentCache full:https://registry.npmjs.org/@types%2freact set size:undefined disposed:false
35 silly fetch manifest @types/react-dom@^18.3.1
36 silly packumentCache full:https://registry.npmjs.org/@types%2freact-dom cache-miss
37 http fetch GET 200 https://registry.npmjs.org/@types%2freact-dom 1834ms (cache miss)
38 silly packumentCache full:https://registry.npmjs.org/@types%2freact-dom set size:undefined disposed:false
39 silly fetch manifest @vitejs/plugin-react@^4.3.2
40 silly packumentCache full:https://registry.npmjs.org/@vitejs%2fplugin-react cache-miss
41 http fetch GET 200 https://registry.npmjs.org/@vitejs%2fplugin-react 115ms (cache miss)
42 silly packumentCache full:https://registry.npmjs.org/@vitejs%2fplugin-react set size:undefined disposed:false
43 silly fetch manifest vite@^5.4.8
44 silly packumentCache full:https://registry.npmjs.org/vite cache-miss
45 http fetch GET 200 https://registry.npmjs.org/vite 23051ms (cache miss)
46 silly packumentCache full:https://registry.npmjs.org/vite set size:undefined disposed:false
47 silly fetch manifest @types/node@^18.0.0 || >=20.0.0
48 silly packumentCache full:https://registry.npmjs.org/@types%2fnode cache-miss
49 http fetch GET 200 https://registry.npmjs.org/@types%2fnode 7651ms (cache miss)
50 silly packumentCache full:https://registry.npmjs.org/@types%2fnode set size:undefined disposed:false
51 silly fetch manifest less@*
52 silly packumentCache full:https://registry.npmjs.org/less cache-miss
53 http fetch GET 200 https://registry.npmjs.org/less 206ms (cache miss)
54 silly packumentCache full:https://registry.npmjs.org/less set size:undefined disposed:false
55 silly fetch manifest lightningcss@^1.21.0
56 silly packumentCache full:https://registry.npmjs.org/lightningcss cache-miss
57 http fetch GET 200 https://registry.npmjs.org/lightningcss 500ms (cache miss)
58 silly packumentCache full:https://registry.npmjs.org/lightningcss set size:undefined disposed:false
59 silly fetch manifest sass@*
60 silly packumentCache full:https://registry.npmjs.org/sass cache-miss
61 http fetch GET 200 https://registry.npmjs.org/sass 241ms (cache miss)
62 silly packumentCache full:https://registry.npmjs.org/sass set size:undefined disposed:false
63 silly fetch manifest sass-embedded@*
64 silly packumentCache full:https://registry.npmjs.org/sass-embedded cache-miss
65 http fetch GET 200 https://registry.npmjs.org/sass-embedded 141ms (cache miss)
66 silly packumentCache full:https://registry.npmjs.org/sass-embedded set size:undefined disposed:false
67 silly fetch manifest stylus@*
68 silly packumentCache full:https://registry.npmjs.org/stylus cache-miss
69 http fetch GET 200 https://registry.npmjs.org/stylus 131ms (cache miss)
70 silly packumentCache full:https://registry.npmjs.org/stylus set size:undefined disposed:false
71 silly fetch manifest sugarss@*
72 silly packumentCache full:https://registry.npmjs.org/sugarss cache-miss
73 http fetch GET 200 https://registry.npmjs.org/sugarss 150ms (cache miss)
74 silly packumentCache full:https://registry.npmjs.org/sugarss set size:undefined disposed:false
75 silly fetch manifest postcss@^8.3.3
76 silly packumentCache full:https://registry.npmjs.org/postcss cache-miss
77 http fetch GET 200 https://registry.npmjs.org/postcss 161ms (cache miss)
78 silly packumentCache full:https://registry.npmjs.org/postcss set size:undefined disposed:false
79 silly fetch manifest terser@^5.4.0
80 silly packumentCache full:https://registry.npmjs.org/terser cache-miss
81 http fetch GET 200 https://registry.npmjs.org/terser 949ms (cache miss)
82 silly packumentCache full:https://registry.npmjs.org/terser set size:undefined disposed:false
83 silly fetch manifest typescript@~5.6.3
84 silly packumentCache full:https://registry.npmjs.org/typescript cache-miss
85 http fetch GET 200 https://registry.npmjs.org/typescript 14711ms (cache miss)
86 silly packumentCache full:https://registry.npmjs.org/typescript set size:undefined disposed:false
87 silly placeDep ROOT @types/react@18.3.31 OK for: cashtrail-ops@0.1.0 want: ^18.3.11
88 silly placeDep ROOT @types/react-dom@18.3.7 OK for: cashtrail-ops@0.1.0 want: ^18.3.1
89 silly placeDep ROOT @vitejs/plugin-react@4.7.0 OK for: cashtrail-ops@0.1.0 want: ^4.3.2
90 silly placeDep ROOT vite@5.4.21 OK for: @vitejs/plugin-react@4.7.0 want: ^4.2.0 || ^5.0.0 || ^6.0.0 || ^7.0.0
91 silly placeDep ROOT axios@1.19.0 OK for: cashtrail-ops@0.1.0 want: ^1.7.7
92 silly placeDep ROOT react@18.3.1 OK for: cashtrail-ops@0.1.0 want: ^18.3.1
93 silly placeDep ROOT react-dom@18.3.1 OK for: cashtrail-ops@0.1.0 want: ^18.3.1
94 silly placeDep ROOT react-router-dom@6.30.4 OK for: cashtrail-ops@0.1.0 want: ^6.26.2
95 silly placeDep ROOT typescript@5.6.3 OK for: cashtrail-ops@0.1.0 want: ~5.6.3
96 silly fetch manifest csstype@^3.2.2
97 silly packumentCache full:https://registry.npmjs.org/csstype cache-miss
98 silly fetch manifest @types/prop-types@*
99 silly packumentCache full:https://registry.npmjs.org/@types%2fprop-types cache-miss
100 silly fetch manifest @babel/core@^7.28.0
101 silly packumentCache full:https://registry.npmjs.org/@babel%2fcore cache-miss
102 http fetch GET 200 https://registry.npmjs.org/csstype 1368ms (cache miss)
103 silly packumentCache full:https://registry.npmjs.org/csstype set size:undefined disposed:false
104 silly fetch manifest react-refresh@^0.17.0
105 silly packumentCache full:https://registry.npmjs.org/react-refresh cache-miss
106 http fetch GET 200 https://registry.npmjs.org/@types%2fprop-types 1452ms (cache miss)
107 silly packumentCache full:https://registry.npmjs.org/@types%2fprop-types set size:undefined disposed:false
108 silly fetch manifest @types/babel__core@^7.20.5
109 silly packumentCache full:https://registry.npmjs.org/@types%2fbabel__core cache-miss
110 http fetch GET 200 https://registry.npmjs.org/@types%2fbabel__core 1083ms (cache miss)
111 silly packumentCache full:https://registry.npmjs.org/@types%2fbabel__core set size:undefined disposed:false
112 silly fetch manifest @rolldown/pluginutils@1.0.0-beta.27
113 silly packumentCache full:https://registry.npmjs.org/@rolldown%2fpluginutils cache-miss
114 http fetch GET 200 https://registry.npmjs.org/@babel%2fcore 2992ms (cache miss)
115 silly packumentCache full:https://registry.npmjs.org/@babel%2fcore set size:undefined disposed:false
116 silly fetch manifest @babel/plugin-transform-react-jsx-self@^7.27.1
117 silly packumentCache full:https://registry.npmjs.org/@babel%2fplugin-transform-react-jsx-self cache-miss
118 http fetch GET 200 https://registry.npmjs.org/@rolldown%2fpluginutils 750ms (cache miss)
119 silly packumentCache full:https://registry.npmjs.org/@rolldown%2fpluginutils set size:undefined disposed:false
120 silly fetch manifest @babel/plugin-transform-react-jsx-source@^7.27.1
121 silly packumentCache full:https://registry.npmjs.org/@babel%2fplugin-transform-react-jsx-source cache-miss
122 http fetch GET 200 https://registry.npmjs.org/@babel%2fplugin-transform-react-jsx-self 1023ms (cache miss)
123 silly packumentCache full:https://registry.npmjs.org/@babel%2fplugin-transform-react-jsx-self set size:undefined disposed:false
124 silly fetch manifest rollup@^4.20.0
125 silly packumentCache full:https://registry.npmjs.org/rollup cache-miss
126 http fetch GET 200 https://registry.npmjs.org/@babel%2fplugin-transform-react-jsx-source 1320ms (cache miss)
127 silly packumentCache full:https://registry.npmjs.org/@babel%2fplugin-transform-react-jsx-source set size:undefined disposed:false
128 silly fetch manifest esbuild@^0.21.3
129 silly packumentCache full:https://registry.npmjs.org/esbuild cache-miss
130 http fetch GET 200 https://registry.npmjs.org/esbuild 1081ms (cache miss)
131 silly packumentCache full:https://registry.npmjs.org/esbuild set size:undefined disposed:false
132 silly fetch manifest postcss@^8.4.43
133 silly packumentCache full:https://registry.npmjs.org/postcss cache-miss
134 http cache https://registry.npmjs.org/postcss 295ms (cache hit)
135 silly packumentCache full:https://registry.npmjs.org/postcss set size:756623 disposed:false
136 silly fetch manifest fsevents@~2.3.3
137 silly packumentCache full:https://registry.npmjs.org/fsevents cache-miss
138 http fetch GET 200 https://registry.npmjs.org/fsevents 666ms (cache miss)
139 silly packumentCache full:https://registry.npmjs.org/fsevents set size:undefined disposed:false
140 silly fetch manifest form-data@^4.0.6
141 silly packumentCache full:https://registry.npmjs.org/form-data cache-miss
142 http fetch GET 200 https://registry.npmjs.org/form-data 410ms (cache miss)
143 silly packumentCache full:https://registry.npmjs.org/form-data set size:undefined disposed:false
144 silly fetch manifest proxy-from-env@^2.1.0
145 silly packumentCache full:https://registry.npmjs.org/proxy-from-env cache-miss
146 http fetch GET 200 https://registry.npmjs.org/react-refresh 6852ms (cache miss)
147 silly packumentCache full:https://registry.npmjs.org/react-refresh set size:undefined disposed:false
148 silly fetch manifest follow-redirects@^1.16.0
149 silly packumentCache full:https://registry.npmjs.org/follow-redirects cache-miss
150 http fetch GET 200 https://registry.npmjs.org/proxy-from-env 2064ms (cache miss)
151 silly packumentCache full:https://registry.npmjs.org/proxy-from-env set size:undefined disposed:false
152 silly fetch manifest https-proxy-agent@^5.0.1
153 silly packumentCache full:https://registry.npmjs.org/https-proxy-agent cache-miss
154 http fetch GET 200 https://registry.npmjs.org/follow-redirects 654ms (cache miss)
155 silly packumentCache full:https://registry.npmjs.org/follow-redirects set size:undefined disposed:false
156 silly fetch manifest loose-envify@^1.1.0
157 silly packumentCache full:https://registry.npmjs.org/loose-envify cache-miss
158 http fetch GET 200 https://registry.npmjs.org/https-proxy-agent 746ms (cache miss)
159 silly packumentCache full:https://registry.npmjs.org/https-proxy-agent set size:undefined disposed:false
160 silly fetch manifest scheduler@^0.23.2
161 silly packumentCache full:https://registry.npmjs.org/scheduler cache-miss
162 http fetch GET 200 https://registry.npmjs.org/loose-envify 415ms (cache miss)
163 silly packumentCache full:https://registry.npmjs.org/loose-envify set size:undefined disposed:false
164 silly fetch manifest react-router@6.30.4
165 silly packumentCache full:https://registry.npmjs.org/react-router cache-miss
166 http fetch GET 200 https://registry.npmjs.org/rollup 7836ms (cache miss)
167 silly packumentCache full:https://registry.npmjs.org/rollup set size:undefined disposed:false
168 silly fetch manifest @remix-run/router@1.23.3
169 silly packumentCache full:https://registry.npmjs.org/@remix-run%2frouter cache-miss
170 http fetch GET 200 https://registry.npmjs.org/@remix-run%2frouter 1237ms (cache miss)
171 silly packumentCache full:https://registry.npmjs.org/@remix-run%2frouter set size:undefined disposed:false
172 http fetch GET 200 https://registry.npmjs.org/react-router 4299ms (cache miss)
173 silly packumentCache full:https://registry.npmjs.org/react-router set size:undefined disposed:false
174 http fetch GET 200 https://registry.npmjs.org/scheduler 6269ms (cache miss)
175 silly packumentCache full:https://registry.npmjs.org/scheduler set size:undefined disposed:false
176 silly placeDep ROOT @types/prop-types@15.7.15 OK for: @types/react@18.3.31 want: *
177 silly placeDep ROOT csstype@3.2.3 OK for: @types/react@18.3.31 want: ^3.2.2
178 silly placeDep ROOT @babel/core@7.29.7 OK for: @vitejs/plugin-react@4.7.0 want: ^7.28.0
179 silly placeDep ROOT @babel/plugin-transform-react-jsx-self@7.29.7 OK for: @vitejs/plugin-react@4.7.0 want: ^7.27.1
180 silly placeDep ROOT @babel/plugin-transform-react-jsx-source@7.29.7 OK for: @vitejs/plugin-react@4.7.0 want: ^7.27.1
181 silly placeDep ROOT @rolldown/pluginutils@1.0.0-beta.27 OK for: @vitejs/plugin-react@4.7.0 want: 1.0.0-beta.27
182 silly placeDep ROOT @types/babel__core@7.20.5 OK for: @vitejs/plugin-react@4.7.0 want: ^7.20.5
183 silly placeDep ROOT react-refresh@0.17.0 OK for: @vitejs/plugin-react@4.7.0 want: ^0.17.0
184 silly fetch manifest debug@^4.1.0
185 silly packumentCache full:https://registry.npmjs.org/debug cache-miss
186 silly fetch manifest json5@^2.2.3
187 silly packumentCache full:https://registry.npmjs.org/json5 cache-miss
188 silly fetch manifest semver@^6.3.1
189 silly packumentCache full:https://registry.npmjs.org/semver cache-miss
190 http fetch GET 200 https://registry.npmjs.org/json5 268ms (cache miss)
191 silly packumentCache full:https://registry.npmjs.org/json5 set size:undefined disposed:false
192 silly fetch manifest gensync@^1.0.0-beta.2
193 silly packumentCache full:https://registry.npmjs.org/gensync cache-miss
194 http fetch GET 200 https://registry.npmjs.org/debug 1067ms (cache miss)
195 silly packumentCache full:https://registry.npmjs.org/debug set size:undefined disposed:false
196 silly fetch manifest @babel/types@^7.29.7
197 silly packumentCache full:https://registry.npmjs.org/@babel%2ftypes cache-miss
198 http fetch GET 200 https://registry.npmjs.org/semver 1234ms (cache miss)
199 silly packumentCache full:https://registry.npmjs.org/semver set size:undefined disposed:false
200 silly fetch manifest @babel/parser@^7.29.7
201 silly packumentCache full:https://registry.npmjs.org/@babel%2fparser cache-miss
202 http fetch GET 200 https://registry.npmjs.org/gensync 1085ms (cache miss)
203 silly packumentCache full:https://registry.npmjs.org/gensync set size:undefined disposed:false
204 silly fetch manifest @babel/helpers@^7.29.7
205 silly packumentCache full:https://registry.npmjs.org/@babel%2fhelpers cache-miss
206 http fetch GET 200 https://registry.npmjs.org/@babel%2ftypes 1065ms (cache miss)
207 silly packumentCache full:https://registry.npmjs.org/@babel%2ftypes set size:undefined disposed:false
208 silly fetch manifest @babel/template@^7.29.7
209 silly packumentCache full:https://registry.npmjs.org/@babel%2ftemplate cache-miss
210 http fetch GET 200 https://registry.npmjs.org/@babel%2fhelpers 1302ms (cache miss)
211 silly packumentCache full:https://registry.npmjs.org/@babel%2fhelpers set size:undefined disposed:false
212 silly fetch manifest @babel/traverse@^7.29.7
213 silly packumentCache full:https://registry.npmjs.org/@babel%2ftraverse cache-miss
214 http fetch GET 200 https://registry.npmjs.org/@babel%2fparser 1815ms (cache miss)
215 silly packumentCache full:https://registry.npmjs.org/@babel%2fparser set size:undefined disposed:false
216 silly fetch manifest @babel/generator@^7.29.7
217 silly packumentCache full:https://registry.npmjs.org/@babel%2fgenerator cache-miss
218 http fetch GET 200 https://registry.npmjs.org/@babel%2ftemplate 1731ms (cache miss)
219 silly packumentCache full:https://registry.npmjs.org/@babel%2ftemplate set size:undefined disposed:false
220 silly fetch manifest @babel/code-frame@^7.29.7
221 silly packumentCache full:https://registry.npmjs.org/@babel%2fcode-frame cache-miss
222 http fetch GET 200 https://registry.npmjs.org/@babel%2fcode-frame 696ms (cache miss)
223 silly packumentCache full:https://registry.npmjs.org/@babel%2fcode-frame set size:undefined disposed:false
224 silly fetch manifest convert-source-map@^2.0.0
225 silly packumentCache full:https://registry.npmjs.org/convert-source-map cache-miss
226 http fetch GET 200 https://registry.npmjs.org/@babel%2ftraverse 2393ms (cache miss)
227 silly packumentCache full:https://registry.npmjs.org/@babel%2ftraverse set size:undefined disposed:false
228 silly fetch manifest @jridgewell/remapping@^2.3.5
229 silly packumentCache full:https://registry.npmjs.org/@jridgewell%2fremapping cache-miss
230 http fetch GET 200 https://registry.npmjs.org/@babel%2fgenerator 2134ms (cache miss)
231 silly packumentCache full:https://registry.npmjs.org/@babel%2fgenerator set size:undefined disposed:false
232 silly fetch manifest @babel/helper-module-transforms@^7.29.7
233 silly packumentCache full:https://registry.npmjs.org/@babel%2fhelper-module-transforms cache-miss
234 http fetch GET 200 https://registry.npmjs.org/convert-source-map 1338ms (cache miss)
235 silly packumentCache full:https://registry.npmjs.org/convert-source-map set size:undefined disposed:false
236 silly fetch manifest @babel/helper-compilation-targets@^7.29.7
237 silly packumentCache full:https://registry.npmjs.org/@babel%2fhelper-compilation-targets cache-miss
238 http fetch GET 200 https://registry.npmjs.org/@jridgewell%2fremapping 745ms (cache miss)
239 silly packumentCache full:https://registry.npmjs.org/@jridgewell%2fremapping set size:undefined disposed:false
240 silly fetch manifest @babel/helper-plugin-utils@^7.29.7
241 silly packumentCache full:https://registry.npmjs.org/@babel%2fhelper-plugin-utils cache-miss
242 http fetch GET 200 https://registry.npmjs.org/@babel%2fhelper-module-transforms 969ms (cache miss)
243 silly packumentCache full:https://registry.npmjs.org/@babel%2fhelper-module-transforms set size:undefined disposed:false
244 silly fetch manifest @babel/helper-plugin-utils@^7.29.7
245 silly packumentCache full:https://registry.npmjs.org/@babel%2fhelper-plugin-utils cache-miss
246 http fetch GET 200 https://registry.npmjs.org/@babel%2fhelper-compilation-targets 597ms (cache miss)
247 silly packumentCache full:https://registry.npmjs.org/@babel%2fhelper-compilation-targets set size:undefined disposed:false
248 silly fetch manifest @babel/types@^7.20.7
249 silly packumentCache full:https://registry.npmjs.org/@babel%2ftypes cache-miss
250 http fetch GET 200 https://registry.npmjs.org/@babel%2fhelper-plugin-utils 1099ms (cache miss)
251 silly packumentCache full:https://registry.npmjs.org/@babel%2fhelper-plugin-utils set size:undefined disposed:false
252 silly fetch manifest @babel/parser@^7.20.7
253 silly packumentCache full:https://registry.npmjs.org/@babel%2fparser cache-miss
254 http fetch GET 200 https://registry.npmjs.org/@babel%2fhelper-plugin-utils 1118ms (cache miss)
255 silly packumentCache full:https://registry.npmjs.org/@babel%2fhelper-plugin-utils set size:undefined disposed:false
256 silly fetch manifest @types/babel__template@*
257 silly packumentCache full:https://registry.npmjs.org/@types%2fbabel__template cache-miss
258 http cache https://registry.npmjs.org/@babel%2ftypes 1385ms (cache hit)
259 silly packumentCache full:https://registry.npmjs.org/@babel%2ftypes set size:502939 disposed:false
260 silly fetch manifest @types/babel__traverse@*
261 silly packumentCache full:https://registry.npmjs.org/@types%2fbabel__traverse cache-miss
262 http cache https://registry.npmjs.org/@babel%2fparser 1891ms (cache hit)
263 silly packumentCache full:https://registry.npmjs.org/@babel%2fparser set size:737962 disposed:false
264 silly fetch manifest @types/babel__generator@*
265 silly packumentCache full:https://registry.npmjs.org/@types%2fbabel__generator cache-miss
266 http fetch GET 200 https://registry.npmjs.org/@types%2fbabel__template 1867ms (cache miss)
267 silly packumentCache full:https://registry.npmjs.org/@types%2fbabel__template set size:undefined disposed:false
268 http fetch GET 200 https://registry.npmjs.org/@types%2fbabel__generator 1809ms (cache miss)
269 silly packumentCache full:https://registry.npmjs.org/@types%2fbabel__generator set size:undefined disposed:false
270 http fetch GET 200 https://registry.npmjs.org/@types%2fbabel__traverse 3204ms (cache miss)
271 silly packumentCache full:https://registry.npmjs.org/@types%2fbabel__traverse set size:undefined disposed:false
272 silly fetch manifest @babel/core@^7.0.0
273 silly packumentCache full:https://registry.npmjs.org/@babel%2fcore cache-miss
274 http cache https://registry.npmjs.org/@babel%2fcore 1066ms (cache hit)
275 silly packumentCache full:https://registry.npmjs.org/@babel%2fcore set size:788273 disposed:false
276 silly placeDep ROOT @babel/code-frame@7.29.7 OK for: @babel/core@7.29.7 want: ^7.29.7
277 silly placeDep ROOT @babel/generator@7.29.8 OK for: @babel/core@7.29.7 want: ^7.29.7
278 silly placeDep ROOT @babel/helper-compilation-targets@7.29.7 OK for: @babel/core@7.29.7 want: ^7.29.7
279 silly placeDep ROOT @babel/helper-module-transforms@7.29.7 OK for: @babel/core@7.29.7 want: ^7.29.7
280 silly placeDep ROOT @babel/helpers@7.29.7 OK for: @babel/core@7.29.7 want: ^7.29.7
281 silly placeDep ROOT @babel/parser@7.29.8 OK for: @babel/core@7.29.7 want: ^7.29.7
282 silly placeDep ROOT @babel/template@7.29.7 OK for: @babel/core@7.29.7 want: ^7.29.7
283 silly placeDep ROOT @babel/traverse@7.29.8 OK for: @babel/core@7.29.7 want: ^7.29.7
284 silly placeDep ROOT @babel/types@7.29.8 OK for: @babel/core@7.29.7 want: ^7.29.7
285 silly placeDep ROOT @jridgewell/remapping@2.3.5 OK for: @babel/core@7.29.7 want: ^2.3.5
286 silly placeDep ROOT convert-source-map@2.0.0 OK for: @babel/core@7.29.7 want: ^2.0.0
287 silly placeDep ROOT debug@4.4.3 OK for: @babel/core@7.29.7 want: ^4.1.0
288 silly placeDep ROOT gensync@1.0.0-beta.2 OK for: @babel/core@7.29.7 want: ^1.0.0-beta.2
289 silly placeDep ROOT json5@2.2.3 OK for: @babel/core@7.29.7 want: ^2.2.3
290 silly placeDep ROOT semver@6.3.1 OK for: @babel/core@7.29.7 want: ^6.3.1
291 silly fetch manifest js-tokens@^4.0.0
292 silly packumentCache full:https://registry.npmjs.org/js-tokens cache-miss
293 silly fetch manifest picocolors@^1.1.1
294 silly packumentCache full:https://registry.npmjs.org/picocolors cache-miss
295 silly fetch manifest @babel/helper-validator-identifier@^7.29.7
296 silly packumentCache full:https://registry.npmjs.org/@babel%2fhelper-validator-identifier cache-miss
297 http fetch GET 200 https://registry.npmjs.org/js-tokens 273ms (cache miss)
298 silly packumentCache full:https://registry.npmjs.org/js-tokens set size:undefined disposed:false
299 silly fetch manifest jsesc@^3.0.2
300 silly packumentCache full:https://registry.npmjs.org/jsesc cache-miss
301 http fetch GET 200 https://registry.npmjs.org/picocolors 554ms (cache miss)
302 silly packumentCache full:https://registry.npmjs.org/picocolors set size:undefined disposed:false
303 silly fetch manifest @babel/types@^7.29.8
304 silly packumentCache full:https://registry.npmjs.org/@babel%2ftypes cache-hit
305 silly fetch manifest @babel/parser@^7.29.8
306 silly packumentCache full:https://registry.npmjs.org/@babel%2fparser cache-hit
307 silly fetch manifest @jridgewell/gen-mapping@^0.3.12
308 silly packumentCache full:https://registry.npmjs.org/@jridgewell%2fgen-mapping cache-miss
309 http fetch GET 200 https://registry.npmjs.org/jsesc 470ms (cache miss)
310 silly packumentCache full:https://registry.npmjs.org/jsesc set size:undefined disposed:false
311 silly fetch manifest @jridgewell/trace-mapping@^0.3.28
312 silly packumentCache full:https://registry.npmjs.org/@jridgewell%2ftrace-mapping cache-miss
313 http fetch GET 200 https://registry.npmjs.org/@babel%2fhelper-validator-identifier 1135ms (cache miss)
314 silly packumentCache full:https://registry.npmjs.org/@babel%2fhelper-validator-identifier set size:undefined disposed:false
315 silly fetch manifest lru-cache@^5.1.1
316 silly packumentCache full:https://registry.npmjs.org/lru-cache cache-miss
317 http fetch GET 200 https://registry.npmjs.org/@jridgewell%2fgen-mapping 818ms (cache miss)
318 silly packumentCache full:https://registry.npmjs.org/@jridgewell%2fgen-mapping set size:undefined disposed:false
319 silly fetch manifest browserslist@^4.24.0
320 silly packumentCache full:https://registry.npmjs.org/browserslist cache-miss
321 http fetch GET 200 https://registry.npmjs.org/@jridgewell%2ftrace-mapping 667ms (cache miss)
322 silly packumentCache full:https://registry.npmjs.org/@jridgewell%2ftrace-mapping set size:undefined disposed:false
323 silly fetch manifest @babel/compat-data@^7.29.7
324 silly packumentCache full:https://registry.npmjs.org/@babel%2fcompat-data cache-miss
325 http fetch GET 200 https://registry.npmjs.org/lru-cache 416ms (cache miss)
326 silly packumentCache full:https://registry.npmjs.org/lru-cache set size:undefined disposed:false
327 silly fetch manifest @babel/helper-validator-option@^7.29.7
328 silly packumentCache full:https://registry.npmjs.org/@babel%2fhelper-validator-option cache-miss
329 http fetch GET 200 https://registry.npmjs.org/browserslist 318ms (cache miss)
330 silly packumentCache full:https://registry.npmjs.org/browserslist set size:undefined disposed:false
331 silly fetch manifest @babel/helper-module-imports@^7.29.7
332 silly packumentCache full:https://registry.npmjs.org/@babel%2fhelper-module-imports cache-miss
333 http fetch GET 200 https://registry.npmjs.org/@babel%2fcompat-data 413ms (cache miss)
334 silly packumentCache full:https://registry.npmjs.org/@babel%2fcompat-data set size:undefined disposed:false
335 silly fetch manifest debug@^4.3.1
336 silly packumentCache full:https://registry.npmjs.org/debug cache-miss
337 http fetch GET 200 https://registry.npmjs.org/@babel%2fhelper-validator-option 567ms (cache miss)
338 silly packumentCache full:https://registry.npmjs.org/@babel%2fhelper-validator-option set size:undefined disposed:false
339 silly fetch manifest @babel/helper-globals@^7.29.7
340 silly packumentCache full:https://registry.npmjs.org/@babel%2fhelper-globals cache-miss
341 http fetch GET 200 https://registry.npmjs.org/@babel%2fhelper-module-imports 564ms (cache miss)
342 silly packumentCache full:https://registry.npmjs.org/@babel%2fhelper-module-imports set size:undefined disposed:false
343 silly fetch manifest @babel/helper-string-parser@^7.29.7
344 silly packumentCache full:https://registry.npmjs.org/@babel%2fhelper-string-parser cache-miss
345 http fetch GET 200 https://registry.npmjs.org/@babel%2fhelper-globals 249ms (cache miss)
346 silly packumentCache full:https://registry.npmjs.org/@babel%2fhelper-globals set size:undefined disposed:false
347 silly fetch manifest @jridgewell/gen-mapping@^0.3.5
348 silly packumentCache full:https://registry.npmjs.org/@jridgewell%2fgen-mapping cache-miss
349 http fetch GET 200 https://registry.npmjs.org/@babel%2fhelper-string-parser 227ms (cache miss)
350 silly packumentCache full:https://registry.npmjs.org/@babel%2fhelper-string-parser set size:undefined disposed:false
351 silly fetch manifest @jridgewell/trace-mapping@^0.3.24
352 silly packumentCache full:https://registry.npmjs.org/@jridgewell%2ftrace-mapping cache-miss
353 http cache https://registry.npmjs.org/@jridgewell%2ftrace-mapping 642ms (cache hit)
354 silly packumentCache full:https://registry.npmjs.org/@jridgewell%2ftrace-mapping set size:170909 disposed:false
355 silly fetch manifest ms@^2.1.3
356 silly packumentCache full:https://registry.npmjs.org/ms cache-miss
357 http cache https://registry.npmjs.org/debug 1280ms (cache hit)
358 silly packumentCache full:https://registry.npmjs.org/debug set size:195840 disposed:false
359 http cache https://registry.npmjs.org/@jridgewell%2fgen-mapping 1040ms (cache hit)
360 silly packumentCache full:https://registry.npmjs.org/@jridgewell%2fgen-mapping set size:75941 disposed:false
361 http fetch GET 200 https://registry.npmjs.org/ms 302ms (cache miss)
362 silly packumentCache full:https://registry.npmjs.org/ms set size:undefined disposed:false
363 silly placeDep ROOT @babel/helper-validator-identifier@7.29.7 OK for: @babel/code-frame@7.29.7 want: ^7.29.7
364 silly placeDep ROOT js-tokens@4.0.0 OK for: @babel/code-frame@7.29.7 want: ^4.0.0
365 silly placeDep ROOT picocolors@1.1.1 OK for: @babel/code-frame@7.29.7 want: ^1.1.1
366 silly placeDep ROOT @jridgewell/gen-mapping@0.3.13 OK for: @babel/generator@7.29.8 want: ^0.3.12
367 silly placeDep ROOT @jridgewell/trace-mapping@0.3.31 OK for: @babel/generator@7.29.8 want: ^0.3.28
368 silly placeDep ROOT jsesc@3.1.0 OK for: @babel/generator@7.29.8 want: ^3.0.2
369 silly fetch manifest @jridgewell/sourcemap-codec@^1.5.0
370 silly packumentCache full:https://registry.npmjs.org/@jridgewell%2fsourcemap-codec cache-miss
371 silly fetch manifest @jridgewell/resolve-uri@^3.1.0
372 silly packumentCache full:https://registry.npmjs.org/@jridgewell%2fresolve-uri cache-miss
373 silly fetch manifest @jridgewell/sourcemap-codec@^1.4.14
374 silly packumentCache full:https://registry.npmjs.org/@jridgewell%2fsourcemap-codec cache-miss
375 http fetch GET 200 https://registry.npmjs.org/@jridgewell%2fsourcemap-codec 395ms (cache miss)
376 silly packumentCache full:https://registry.npmjs.org/@jridgewell%2fsourcemap-codec set size:undefined disposed:false
377 http fetch GET 200 https://registry.npmjs.org/@jridgewell%2fsourcemap-codec 95ms (cache miss)
378 silly packumentCache full:https://registry.npmjs.org/@jridgewell%2fsourcemap-codec set size:undefined disposed:false
379 http fetch GET 200 https://registry.npmjs.org/@jridgewell%2fresolve-uri 413ms (cache miss)
380 silly packumentCache full:https://registry.npmjs.org/@jridgewell%2fresolve-uri set size:undefined disposed:false
381 silly placeDep ROOT @babel/compat-data@7.29.7 OK for: @babel/helper-compilation-targets@7.29.7 want: ^7.29.7
382 silly placeDep ROOT @babel/helper-validator-option@7.29.7 OK for: @babel/helper-compilation-targets@7.29.7 want: ^7.29.7
383 silly placeDep ROOT browserslist@4.28.7 OK for: @babel/helper-compilation-targets@7.29.7 want: ^4.24.0
384 silly placeDep ROOT lru-cache@5.1.1 OK for: @babel/helper-compilation-targets@7.29.7 want: ^5.1.1
385 silly fetch manifest caniuse-lite@^1.0.30001806
386 silly packumentCache full:https://registry.npmjs.org/caniuse-lite cache-miss
387 silly fetch manifest node-releases@^2.0.51
388 silly packumentCache full:https://registry.npmjs.org/node-releases cache-miss
389 silly fetch manifest electron-to-chromium@^1.5.393
390 silly packumentCache full:https://registry.npmjs.org/electron-to-chromium cache-miss
391 http fetch GET 200 https://registry.npmjs.org/node-releases 60ms (cache miss)
392 silly packumentCache full:https://registry.npmjs.org/node-releases set size:undefined disposed:false
393 silly fetch manifest update-browserslist-db@^1.2.3
394 silly packumentCache full:https://registry.npmjs.org/update-browserslist-db cache-miss
395 http fetch GET 200 https://registry.npmjs.org/update-browserslist-db 76ms (cache miss)
396 silly packumentCache full:https://registry.npmjs.org/update-browserslist-db set size:undefined disposed:false
397 silly fetch manifest baseline-browser-mapping@^2.10.44
398 silly packumentCache full:https://registry.npmjs.org/baseline-browser-mapping cache-miss
399 http fetch GET 200 https://registry.npmjs.org/baseline-browser-mapping 2264ms (cache miss)
400 silly packumentCache full:https://registry.npmjs.org/baseline-browser-mapping set size:undefined disposed:false
401 silly fetch manifest yallist@^3.0.2
402 silly packumentCache full:https://registry.npmjs.org/yallist cache-miss
403 http fetch GET 200 https://registry.npmjs.org/yallist 783ms (cache miss)
404 silly packumentCache full:https://registry.npmjs.org/yallist set size:undefined disposed:false
405 http fetch GET 200 https://registry.npmjs.org/caniuse-lite 3359ms (cache miss)
406 silly packumentCache full:https://registry.npmjs.org/caniuse-lite set size:undefined disposed:false
407 http fetch GET 200 https://registry.npmjs.org/electron-to-chromium 8686ms (cache miss)
408 silly packumentCache full:https://registry.npmjs.org/electron-to-chromium set size:undefined disposed:false
409 silly placeDep ROOT @babel/helper-module-imports@7.29.7 OK for: @babel/helper-module-transforms@7.29.7 want: ^7.29.7
410 silly placeDep ROOT @babel/helper-plugin-utils@7.29.7 OK for: @babel/plugin-transform-react-jsx-self@7.29.7 want: ^7.29.7
411 silly placeDep ROOT @babel/helper-globals@7.29.7 OK for: @babel/traverse@7.29.8 want: ^7.29.7
412 silly placeDep ROOT @babel/helper-string-parser@7.29.7 OK for: @babel/types@7.29.8 want: ^7.29.7
413 silly placeDep ROOT @jridgewell/sourcemap-codec@1.5.5 OK for: @jridgewell/gen-mapping@0.3.13 want: ^1.5.0
414 silly placeDep ROOT @jridgewell/resolve-uri@3.1.2 OK for: @jridgewell/trace-mapping@0.3.31 want: ^3.1.0
415 silly placeDep ROOT @types/babel__generator@7.27.0 OK for: @types/babel__core@7.20.5 want: *
416 silly placeDep ROOT @types/babel__template@7.4.4 OK for: @types/babel__core@7.20.5 want: *
417 silly placeDep ROOT @types/babel__traverse@7.28.0 OK for: @types/babel__core@7.20.5 want: *
418 silly placeDep ROOT follow-redirects@1.16.0 OK for: axios@1.19.0 want: ^1.16.0
419 silly placeDep ROOT form-data@4.0.6 OK for: axios@1.19.0 want: ^4.0.6
420 silly placeDep ROOT https-proxy-agent@5.0.1 OK for: axios@1.19.0 want: ^5.0.1
421 silly placeDep ROOT proxy-from-env@2.1.0 OK for: axios@1.19.0 want: ^2.1.0
422 silly fetch manifest hasown@^2.0.4
423 silly packumentCache full:https://registry.npmjs.org/hasown cache-miss
424 silly fetch manifest asynckit@^0.4.0
425 silly packumentCache full:https://registry.npmjs.org/asynckit cache-miss
426 silly fetch manifest mime-types@^2.1.35
427 silly packumentCache full:https://registry.npmjs.org/mime-types cache-miss
428 http fetch GET 200 https://registry.npmjs.org/hasown 94ms (cache miss)
429 silly packumentCache full:https://registry.npmjs.org/hasown set size:undefined disposed:false
430 silly fetch manifest combined-stream@^1.0.8
431 silly packumentCache full:https://registry.npmjs.org/combined-stream cache-miss
432 http fetch GET 200 https://registry.npmjs.org/asynckit 99ms (cache miss)
433 silly packumentCache full:https://registry.npmjs.org/asynckit set size:undefined disposed:false
434 silly fetch manifest es-set-tostringtag@^2.1.0
435 silly packumentCache full:https://registry.npmjs.org/es-set-tostringtag cache-miss
436 http fetch GET 200 https://registry.npmjs.org/mime-types 126ms (cache miss)
437 silly packumentCache full:https://registry.npmjs.org/mime-types set size:undefined disposed:false
438 silly fetch manifest agent-base@6
439 silly packumentCache full:https://registry.npmjs.org/agent-base cache-miss
440 http fetch GET 200 https://registry.npmjs.org/agent-base 47ms (cache miss)
441 silly packumentCache full:https://registry.npmjs.org/agent-base set size:undefined disposed:false
442 http fetch GET 200 https://registry.npmjs.org/combined-stream 307ms (cache miss)
443 silly packumentCache full:https://registry.npmjs.org/combined-stream set size:undefined disposed:false
444 http fetch GET 200 https://registry.npmjs.org/es-set-tostringtag 348ms (cache miss)
445 silly packumentCache full:https://registry.npmjs.org/es-set-tostringtag set size:undefined disposed:false
446 silly fetch manifest browserslist@>= 4.21.0
447 silly packumentCache full:https://registry.npmjs.org/browserslist cache-miss
448 http cache https://registry.npmjs.org/browserslist 45ms (cache hit)
449 silly packumentCache full:https://registry.npmjs.org/browserslist set size:516369 disposed:false
450 silly placeDep ROOT baseline-browser-mapping@2.11.9 OK for: browserslist@4.28.7 want: ^2.10.44
451 silly placeDep ROOT caniuse-lite@1.0.30001806 OK for: browserslist@4.28.7 want: ^1.0.30001806
452 silly placeDep ROOT electron-to-chromium@1.5.399 OK for: browserslist@4.28.7 want: ^1.5.393
453 silly placeDep ROOT node-releases@2.0.51 OK for: browserslist@4.28.7 want: ^2.0.51
454 silly placeDep ROOT update-browserslist-db@1.2.3 OK for: browserslist@4.28.7 want: ^1.2.3
455 silly fetch manifest escalade@^3.2.0
456 silly packumentCache full:https://registry.npmjs.org/escalade cache-miss
457 http fetch GET 200 https://registry.npmjs.org/escalade 43ms (cache miss)
458 silly packumentCache full:https://registry.npmjs.org/escalade set size:undefined disposed:false
459 silly placeDep ROOT ms@2.1.3 OK for: debug@4.4.3 want: ^2.1.3
460 silly placeDep ROOT asynckit@0.4.0 OK for: form-data@4.0.6 want: ^0.4.0
461 silly placeDep ROOT combined-stream@1.0.8 OK for: form-data@4.0.6 want: ^1.0.8
462 silly placeDep ROOT es-set-tostringtag@2.1.0 OK for: form-data@4.0.6 want: ^2.1.0
463 silly placeDep ROOT hasown@2.0.4 OK for: form-data@4.0.6 want: ^2.0.4
464 silly placeDep ROOT mime-types@2.1.35 OK for: form-data@4.0.6 want: ^2.1.35
465 silly fetch manifest delayed-stream@~1.0.0
466 silly packumentCache full:https://registry.npmjs.org/delayed-stream cache-miss
467 silly fetch manifest es-errors@^1.3.0
468 silly packumentCache full:https://registry.npmjs.org/es-errors cache-miss
469 silly fetch manifest get-intrinsic@^1.2.6
470 silly packumentCache full:https://registry.npmjs.org/get-intrinsic cache-miss
471 http fetch GET 200 https://registry.npmjs.org/es-errors 73ms (cache miss)
472 silly packumentCache full:https://registry.npmjs.org/es-errors set size:undefined disposed:false
473 silly fetch manifest has-tostringtag@^1.0.2
474 silly packumentCache full:https://registry.npmjs.org/has-tostringtag cache-miss
475 http fetch GET 200 https://registry.npmjs.org/get-intrinsic 82ms (cache miss)
476 silly packumentCache full:https://registry.npmjs.org/get-intrinsic set size:undefined disposed:false
477 silly fetch manifest hasown@^2.0.2
478 silly packumentCache full:https://registry.npmjs.org/hasown cache-miss
479 http fetch GET 200 https://registry.npmjs.org/has-tostringtag 381ms (cache miss)
480 silly packumentCache full:https://registry.npmjs.org/has-tostringtag set size:undefined disposed:false
481 silly fetch manifest function-bind@^1.1.2
482 silly packumentCache full:https://registry.npmjs.org/function-bind cache-miss
483 http cache https://registry.npmjs.org/hasown 483ms (cache hit)
484 silly packumentCache full:https://registry.npmjs.org/hasown set size:18361 disposed:false
485 silly fetch manifest mime-db@1.52.0
486 silly packumentCache full:https://registry.npmjs.org/mime-db cache-miss
487 http fetch GET 200 https://registry.npmjs.org/delayed-stream 613ms (cache miss)
488 silly packumentCache full:https://registry.npmjs.org/delayed-stream set size:undefined disposed:false
489 http fetch GET 200 https://registry.npmjs.org/function-bind 396ms (cache miss)
490 silly packumentCache full:https://registry.npmjs.org/function-bind set size:undefined disposed:false
491 http fetch GET 200 https://registry.npmjs.org/mime-db 547ms (cache miss)
492 silly packumentCache full:https://registry.npmjs.org/mime-db set size:undefined disposed:false
493 silly placeDep ROOT delayed-stream@1.0.0 OK for: combined-stream@1.0.8 want: ~1.0.0
494 silly placeDep ROOT es-errors@1.3.0 OK for: es-set-tostringtag@2.1.0 want: ^1.3.0
495 silly placeDep ROOT get-intrinsic@1.3.0 OK for: es-set-tostringtag@2.1.0 want: ^1.2.6
496 silly placeDep ROOT has-tostringtag@1.0.2 OK for: es-set-tostringtag@2.1.0 want: ^1.0.2
497 silly fetch manifest gopd@^1.2.0
498 silly packumentCache full:https://registry.npmjs.org/gopd cache-miss
499 silly fetch manifest get-proto@^1.0.1
500 silly packumentCache full:https://registry.npmjs.org/get-proto cache-miss
501 silly fetch manifest has-symbols@^1.1.0
502 silly packumentCache full:https://registry.npmjs.org/has-symbols cache-miss
503 http fetch GET 200 https://registry.npmjs.org/gopd 85ms (cache miss)
504 silly packumentCache full:https://registry.npmjs.org/gopd set size:undefined disposed:false
505 silly fetch manifest es-object-atoms@^1.1.1
506 silly packumentCache full:https://registry.npmjs.org/es-object-atoms cache-miss
507 http fetch GET 200 https://registry.npmjs.org/has-symbols 96ms (cache miss)
508 silly packumentCache full:https://registry.npmjs.org/has-symbols set size:undefined disposed:false
509 silly fetch manifest math-intrinsics@^1.1.0
510 silly packumentCache full:https://registry.npmjs.org/math-intrinsics cache-miss
511 http fetch GET 200 https://registry.npmjs.org/get-proto 103ms (cache miss)
512 silly packumentCache full:https://registry.npmjs.org/get-proto set size:undefined disposed:false
513 silly fetch manifest es-define-property@^1.0.1
514 silly packumentCache full:https://registry.npmjs.org/es-define-property cache-miss
515 http fetch GET 200 https://registry.npmjs.org/es-object-atoms 282ms (cache miss)
516 silly packumentCache full:https://registry.npmjs.org/es-object-atoms set size:undefined disposed:false
517 silly fetch manifest call-bind-apply-helpers@^1.0.2
518 silly packumentCache full:https://registry.npmjs.org/call-bind-apply-helpers cache-miss
519 http fetch GET 200 https://registry.npmjs.org/es-define-property 282ms (cache miss)
520 silly packumentCache full:https://registry.npmjs.org/es-define-property set size:undefined disposed:false
521 silly fetch manifest has-symbols@^1.0.3
522 silly packumentCache full:https://registry.npmjs.org/has-symbols cache-miss
523 http cache https://registry.npmjs.org/has-symbols 230ms (cache hit)
524 silly packumentCache full:https://registry.npmjs.org/has-symbols set size:21550 disposed:false
525 http fetch GET 200 https://registry.npmjs.org/call-bind-apply-helpers 284ms (cache miss)
526 silly packumentCache full:https://registry.npmjs.org/call-bind-apply-helpers set size:undefined disposed:false
527 http fetch GET 200 https://registry.npmjs.org/math-intrinsics 848ms (cache miss)
528 silly packumentCache full:https://registry.npmjs.org/math-intrinsics set size:undefined disposed:false
529 silly placeDep ROOT call-bind-apply-helpers@1.0.2 OK for: get-intrinsic@1.3.0 want: ^1.0.2
530 silly placeDep ROOT es-define-property@1.0.1 OK for: get-intrinsic@1.3.0 want: ^1.0.1
531 silly placeDep ROOT es-object-atoms@1.1.2 OK for: get-intrinsic@1.3.0 want: ^1.1.1
532 silly placeDep ROOT function-bind@1.1.2 OK for: get-intrinsic@1.3.0 want: ^1.1.2
533 silly placeDep ROOT get-proto@1.0.1 OK for: get-intrinsic@1.3.0 want: ^1.0.1
534 silly placeDep ROOT gopd@1.2.0 OK for: get-intrinsic@1.3.0 want: ^1.2.0
535 silly placeDep ROOT has-symbols@1.1.0 OK for: get-intrinsic@1.3.0 want: ^1.1.0
536 silly placeDep ROOT math-intrinsics@1.1.0 OK for: get-intrinsic@1.3.0 want: ^1.1.0
537 silly fetch manifest dunder-proto@^1.0.1
538 silly packumentCache full:https://registry.npmjs.org/dunder-proto cache-miss
539 http fetch GET 200 https://registry.npmjs.org/dunder-proto 57ms (cache miss)
540 silly packumentCache full:https://registry.npmjs.org/dunder-proto set size:undefined disposed:false
541 silly placeDep ROOT dunder-proto@1.0.1 OK for: get-proto@1.0.1 want: ^1.0.1
542 silly placeDep ROOT agent-base@6.0.2 OK for: https-proxy-agent@5.0.1 want: 6
543 silly placeDep ROOT yallist@3.1.1 OK for: lru-cache@5.1.1 want: ^3.0.2
544 silly placeDep ROOT mime-db@1.52.0 OK for: mime-types@2.1.35 want: 1.52.0
545 silly placeDep ROOT loose-envify@1.4.0 OK for: react@18.3.1 want: ^1.1.0
546 silly placeDep ROOT scheduler@0.23.2 OK for: react-dom@18.3.1 want: ^0.23.2
547 silly fetch manifest react@>=16.8
548 silly packumentCache full:https://registry.npmjs.org/react cache-miss
549 http cache https://registry.npmjs.org/react 164ms (cache hit)
550 silly packumentCache full:https://registry.npmjs.org/react set size:6859098 disposed:false
551 silly placeDep ROOT @remix-run/router@1.23.3 OK for: react-router-dom@6.30.4 want: 1.23.3
552 silly placeDep ROOT react-router@6.30.4 OK for: react-router-dom@6.30.4 want: 6.30.4
553 silly placeDep ROOT escalade@3.2.0 OK for: update-browserslist-db@1.2.3 want: ^3.2.0
554 silly placeDep ROOT esbuild@0.21.5 OK for: vite@5.4.21 want: ^0.21.3
555 silly placeDep ROOT fsevents@2.3.3 OK for: vite@5.4.21 want: ~2.3.3
556 silly placeDep ROOT postcss@8.5.25 OK for: vite@5.4.21 want: ^8.4.43
557 silly placeDep ROOT rollup@4.62.4 OK for: vite@5.4.21 want: ^4.20.0
558 silly fetch manifest @esbuild/aix-ppc64@0.21.5
559 silly packumentCache full:https://registry.npmjs.org/@esbuild%2faix-ppc64 cache-miss
560 silly fetch manifest @esbuild/linux-arm@0.21.5
561 silly packumentCache full:https://registry.npmjs.org/@esbuild%2flinux-arm cache-miss
562 silly fetch manifest @esbuild/linux-x64@0.21.5
563 silly packumentCache full:https://registry.npmjs.org/@esbuild%2flinux-x64 cache-miss
564 http fetch GET 200 https://registry.npmjs.org/@esbuild%2faix-ppc64 118ms (cache miss)
565 silly packumentCache full:https://registry.npmjs.org/@esbuild%2faix-ppc64 set size:undefined disposed:false
566 silly fetch manifest @esbuild/sunos-x64@0.21.5
567 silly packumentCache full:https://registry.npmjs.org/@esbuild%2fsunos-x64 cache-miss
568 http fetch GET 200 https://registry.npmjs.org/@esbuild%2flinux-x64 151ms (cache miss)
569 silly packumentCache full:https://registry.npmjs.org/@esbuild%2flinux-x64 set size:undefined disposed:false
570 silly fetch manifest @esbuild/win32-x64@0.21.5
571 silly packumentCache full:https://registry.npmjs.org/@esbuild%2fwin32-x64 cache-miss
572 http fetch GET 200 https://registry.npmjs.org/@esbuild%2flinux-arm 170ms (cache miss)
573 silly packumentCache full:https://registry.npmjs.org/@esbuild%2flinux-arm set size:undefined disposed:false
574 silly fetch manifest @esbuild/darwin-x64@0.21.5
575 silly packumentCache full:https://registry.npmjs.org/@esbuild%2fdarwin-x64 cache-miss
576 http fetch GET 200 https://registry.npmjs.org/@esbuild%2fsunos-x64 366ms (cache miss)
577 silly packumentCache full:https://registry.npmjs.org/@esbuild%2fsunos-x64 set size:undefined disposed:false
578 silly fetch manifest @esbuild/linux-ia32@0.21.5
579 silly packumentCache full:https://registry.npmjs.org/@esbuild%2flinux-ia32 cache-miss
580 http fetch GET 200 https://registry.npmjs.org/@esbuild%2fwin32-x64 570ms (cache miss)
581 silly packumentCache full:https://registry.npmjs.org/@esbuild%2fwin32-x64 set size:undefined disposed:false
582 silly fetch manifest @esbuild/netbsd-x64@0.21.5
583 silly packumentCache full:https://registry.npmjs.org/@esbuild%2fnetbsd-x64 cache-miss
584 http fetch GET 200 https://registry.npmjs.org/@esbuild%2fdarwin-x64 745ms (cache miss)
585 silly packumentCache full:https://registry.npmjs.org/@esbuild%2fdarwin-x64 set size:undefined disposed:false
586 silly fetch manifest @esbuild/win32-ia32@0.21.5
587 silly packumentCache full:https://registry.npmjs.org/@esbuild%2fwin32-ia32 cache-miss
588 http fetch GET 200 https://registry.npmjs.org/@esbuild%2flinux-ia32 450ms (cache miss)
589 silly packumentCache full:https://registry.npmjs.org/@esbuild%2flinux-ia32 set size:undefined disposed:false
590 silly fetch manifest @esbuild/android-arm@0.21.5
591 silly packumentCache full:https://registry.npmjs.org/@esbuild%2fandroid-arm cache-miss
592 http fetch GET 200 https://registry.npmjs.org/@esbuild%2fnetbsd-x64 436ms (cache miss)
593 silly packumentCache full:https://registry.npmjs.org/@esbuild%2fnetbsd-x64 set size:undefined disposed:false
594 silly fetch manifest @esbuild/android-x64@0.21.5
595 silly packumentCache full:https://registry.npmjs.org/@esbuild%2fandroid-x64 cache-miss
596 http fetch GET 200 https://registry.npmjs.org/@esbuild%2fandroid-arm 504ms (cache miss)
597 silly packumentCache full:https://registry.npmjs.org/@esbuild%2fandroid-arm set size:undefined disposed:false
598 silly fetch manifest @esbuild/freebsd-x64@0.21.5
599 silly packumentCache full:https://registry.npmjs.org/@esbuild%2ffreebsd-x64 cache-miss
600 http fetch GET 200 https://registry.npmjs.org/@esbuild%2fwin32-ia32 574ms (cache miss)
601 silly packumentCache full:https://registry.npmjs.org/@esbuild%2fwin32-ia32 set size:undefined disposed:false
602 silly fetch manifest @esbuild/linux-arm64@0.21.5
603 silly packumentCache full:https://registry.npmjs.org/@esbuild%2flinux-arm64 cache-miss
604 http fetch GET 200 https://registry.npmjs.org/@esbuild%2fandroid-x64 550ms (cache miss)
605 silly packumentCache full:https://registry.npmjs.org/@esbuild%2fandroid-x64 set size:undefined disposed:false
606 silly fetch manifest @esbuild/linux-ppc64@0.21.5
607 silly packumentCache full:https://registry.npmjs.org/@esbuild%2flinux-ppc64 cache-miss
608 http fetch GET 200 https://registry.npmjs.org/@esbuild%2ffreebsd-x64 449ms (cache miss)
609 silly packumentCache full:https://registry.npmjs.org/@esbuild%2ffreebsd-x64 set size:undefined disposed:false
610 silly fetch manifest @esbuild/linux-s390x@0.21.5
611 silly packumentCache full:https://registry.npmjs.org/@esbuild%2flinux-s390x cache-miss
612 http fetch GET 200 https://registry.npmjs.org/@esbuild%2flinux-arm64 451ms (cache miss)
613 silly packumentCache full:https://registry.npmjs.org/@esbuild%2flinux-arm64 set size:undefined disposed:false
614 silly fetch manifest @esbuild/openbsd-x64@0.21.5
615 silly packumentCache full:https://registry.npmjs.org/@esbuild%2fopenbsd-x64 cache-miss
616 http fetch GET 200 https://registry.npmjs.org/@esbuild%2flinux-ppc64 445ms (cache miss)
617 silly packumentCache full:https://registry.npmjs.org/@esbuild%2flinux-ppc64 set size:undefined disposed:false
618 silly fetch manifest @esbuild/win32-arm64@0.21.5
619 silly packumentCache full:https://registry.npmjs.org/@esbuild%2fwin32-arm64 cache-miss
620 http fetch GET 200 https://registry.npmjs.org/@esbuild%2flinux-s390x 431ms (cache miss)
621 silly packumentCache full:https://registry.npmjs.org/@esbuild%2flinux-s390x set size:undefined disposed:false
622 silly fetch manifest @esbuild/darwin-arm64@0.21.5
623 silly packumentCache full:https://registry.npmjs.org/@esbuild%2fdarwin-arm64 cache-miss
624 http fetch GET 200 https://registry.npmjs.org/@esbuild%2fopenbsd-x64 487ms (cache miss)
625 silly packumentCache full:https://registry.npmjs.org/@esbuild%2fopenbsd-x64 set size:undefined disposed:false
626 silly fetch manifest @esbuild/android-arm64@0.21.5
627 silly packumentCache full:https://registry.npmjs.org/@esbuild%2fandroid-arm64 cache-miss
628 http fetch GET 200 https://registry.npmjs.org/@esbuild%2fwin32-arm64 401ms (cache miss)
629 silly packumentCache full:https://registry.npmjs.org/@esbuild%2fwin32-arm64 set size:undefined disposed:false
630 silly fetch manifest @esbuild/freebsd-arm64@0.21.5
631 silly packumentCache full:https://registry.npmjs.org/@esbuild%2ffreebsd-arm64 cache-miss
632 http fetch GET 200 https://registry.npmjs.org/@esbuild%2fdarwin-arm64 352ms (cache miss)
633 silly packumentCache full:https://registry.npmjs.org/@esbuild%2fdarwin-arm64 set size:undefined disposed:false
634 silly fetch manifest @esbuild/linux-loong64@0.21.5
635 silly packumentCache full:https://registry.npmjs.org/@esbuild%2flinux-loong64 cache-miss
636 http fetch GET 200 https://registry.npmjs.org/@esbuild%2fandroid-arm64 334ms (cache miss)
637 silly packumentCache full:https://registry.npmjs.org/@esbuild%2fandroid-arm64 set size:undefined disposed:false
638 silly fetch manifest @esbuild/linux-riscv64@0.21.5
639 silly packumentCache full:https://registry.npmjs.org/@esbuild%2flinux-riscv64 cache-miss
640 http fetch GET 200 https://registry.npmjs.org/@esbuild%2ffreebsd-arm64 388ms (cache miss)
641 silly packumentCache full:https://registry.npmjs.org/@esbuild%2ffreebsd-arm64 set size:undefined disposed:false
642 silly fetch manifest @esbuild/linux-mips64el@0.21.5
643 silly packumentCache full:https://registry.npmjs.org/@esbuild%2flinux-mips64el cache-miss
644 http fetch GET 200 https://registry.npmjs.org/@esbuild%2flinux-loong64 405ms (cache miss)
645 silly packumentCache full:https://registry.npmjs.org/@esbuild%2flinux-loong64 set size:undefined disposed:false
646 silly fetch manifest nanoid@^3.3.16
647 silly packumentCache full:https://registry.npmjs.org/nanoid cache-miss
648 http fetch GET 200 https://registry.npmjs.org/@esbuild%2flinux-riscv64 459ms (cache miss)
649 silly packumentCache full:https://registry.npmjs.org/@esbuild%2flinux-riscv64 set size:undefined disposed:false
650 silly fetch manifest source-map-js@^1.2.1
651 silly packumentCache full:https://registry.npmjs.org/source-map-js cache-miss
652 http fetch GET 200 https://registry.npmjs.org/@esbuild%2flinux-mips64el 377ms (cache miss)
653 silly packumentCache full:https://registry.npmjs.org/@esbuild%2flinux-mips64el set size:undefined disposed:false
654 silly fetch manifest @types/estree@1.0.9
655 silly packumentCache full:https://registry.npmjs.org/@types%2festree cache-miss
656 http fetch GET 200 https://registry.npmjs.org/source-map-js 156ms (cache miss)
657 silly packumentCache full:https://registry.npmjs.org/source-map-js set size:undefined disposed:false
658 silly fetch manifest @rollup/rollup-darwin-x64@4.62.4
659 silly packumentCache full:https://registry.npmjs.org/@rollup%2frollup-darwin-x64 cache-miss
660 http fetch GET 200 https://registry.npmjs.org/nanoid 515ms (cache miss)
661 silly packumentCache full:https://registry.npmjs.org/nanoid set size:undefined disposed:false
662 silly fetch manifest @rollup/rollup-freebsd-x64@4.62.4
663 silly packumentCache full:https://registry.npmjs.org/@rollup%2frollup-freebsd-x64 cache-miss
664 http fetch GET 200 https://registry.npmjs.org/@types%2festree 482ms (cache miss)
665 silly packumentCache full:https://registry.npmjs.org/@types%2festree set size:undefined disposed:false
666 silly fetch manifest @rollup/rollup-openbsd-x64@4.62.4
667 silly packumentCache full:https://registry.npmjs.org/@rollup%2frollup-openbsd-x64 cache-miss
668 http fetch GET 200 https://registry.npmjs.org/@rollup%2frollup-darwin-x64 637ms (cache miss)
669 silly packumentCache full:https://registry.npmjs.org/@rollup%2frollup-darwin-x64 set size:undefined disposed:false
670 silly fetch manifest @napi-rs/lzma-linux-x64-gnu@1.5.1
671 silly packumentCache full:https://registry.npmjs.org/@napi-rs%2flzma-linux-x64-gnu cache-miss
672 http fetch GET 200 https://registry.npmjs.org/@napi-rs%2flzma-linux-x64-gnu 199ms (cache miss)
673 silly packumentCache full:https://registry.npmjs.org/@napi-rs%2flzma-linux-x64-gnu set size:undefined disposed:false
674 silly fetch manifest @rollup/rollup-darwin-arm64@4.62.4
675 silly packumentCache full:https://registry.npmjs.org/@rollup%2frollup-darwin-arm64 cache-miss
676 http fetch GET 200 https://registry.npmjs.org/@rollup%2frollup-freebsd-x64 734ms (cache miss)
677 silly packumentCache full:https://registry.npmjs.org/@rollup%2frollup-freebsd-x64 set size:undefined disposed:false
678 silly fetch manifest @rollup/rollup-android-arm64@4.62.4
679 silly packumentCache full:https://registry.npmjs.org/@rollup%2frollup-android-arm64 cache-miss
680 http fetch GET 200 https://registry.npmjs.org/@rollup%2frollup-openbsd-x64 678ms (cache miss)
681 silly packumentCache full:https://registry.npmjs.org/@rollup%2frollup-openbsd-x64 set size:undefined disposed:false
682 silly fetch manifest @rollup/rollup-freebsd-arm64@4.62.4
683 silly packumentCache full:https://registry.npmjs.org/@rollup%2frollup-freebsd-arm64 cache-miss
684 http fetch GET 200 https://registry.npmjs.org/@rollup%2frollup-freebsd-arm64 441ms (cache miss)
685 silly packumentCache full:https://registry.npmjs.org/@rollup%2frollup-freebsd-arm64 set size:undefined disposed:false
686 silly fetch manifest @rollup/rollup-linux-x64-gnu@4.62.4
687 silly packumentCache full:https://registry.npmjs.org/@rollup%2frollup-linux-x64-gnu cache-miss
688 http fetch GET 200 https://registry.npmjs.org/@rollup%2frollup-darwin-arm64 740ms (cache miss)
689 silly packumentCache full:https://registry.npmjs.org/@rollup%2frollup-darwin-arm64 set size:undefined disposed:false
690 silly fetch manifest @rollup/rollup-win32-x64-gnu@4.62.4
691 silly packumentCache full:https://registry.npmjs.org/@rollup%2frollup-win32-x64-gnu cache-miss
692 http fetch GET 200 https://registry.npmjs.org/@rollup%2frollup-android-arm64 737ms (cache miss)
693 silly packumentCache full:https://registry.npmjs.org/@rollup%2frollup-android-arm64 set size:undefined disposed:false
694 silly fetch manifest @rollup/rollup-linux-x64-musl@4.62.4
695 silly packumentCache full:https://registry.npmjs.org/@rollup%2frollup-linux-x64-musl cache-miss
696 http fetch GET 200 https://registry.npmjs.org/@rollup%2frollup-win32-x64-gnu 459ms (cache miss)
697 silly packumentCache full:https://registry.npmjs.org/@rollup%2frollup-win32-x64-gnu set size:undefined disposed:false
698 silly fetch manifest @rollup/rollup-win32-x64-msvc@4.62.4
699 silly packumentCache full:https://registry.npmjs.org/@rollup%2frollup-win32-x64-msvc cache-miss
700 http fetch GET 200 https://registry.npmjs.org/@rollup%2frollup-linux-x64-musl 478ms (cache miss)
701 silly packumentCache full:https://registry.npmjs.org/@rollup%2frollup-linux-x64-musl set size:undefined disposed:false
702 silly fetch manifest @rollup/rollup-linux-arm64-gnu@4.62.4
703 silly packumentCache full:https://registry.npmjs.org/@rollup%2frollup-linux-arm64-gnu cache-miss
704 http fetch GET 200 https://registry.npmjs.org/@rollup%2frollup-linux-x64-gnu 737ms (cache miss)
705 silly packumentCache full:https://registry.npmjs.org/@rollup%2frollup-linux-x64-gnu set size:undefined disposed:false
706 silly fetch manifest @rollup/rollup-linux-ppc64-gnu@4.62.4
707 silly packumentCache full:https://registry.npmjs.org/@rollup%2frollup-linux-ppc64-gnu cache-miss
708 http fetch GET 200 https://registry.npmjs.org/@rollup%2frollup-win32-x64-msvc 476ms (cache miss)
709 silly packumentCache full:https://registry.npmjs.org/@rollup%2frollup-win32-x64-msvc set size:undefined disposed:false
710 silly fetch manifest @rollup/rollup-linux-s390x-gnu@4.62.4
711 silly packumentCache full:https://registry.npmjs.org/@rollup%2frollup-linux-s390x-gnu cache-miss
712 http fetch GET 200 https://registry.npmjs.org/@rollup%2frollup-linux-ppc64-gnu 537ms (cache miss)
713 silly packumentCache full:https://registry.npmjs.org/@rollup%2frollup-linux-ppc64-gnu set size:undefined disposed:false
714 silly fetch manifest @rollup/rollup-win32-ia32-msvc@4.62.4
715 silly packumentCache full:https://registry.npmjs.org/@rollup%2frollup-win32-ia32-msvc cache-miss
716 http fetch GET 200 https://registry.npmjs.org/@rollup%2frollup-linux-arm64-gnu 743ms (cache miss)
717 silly packumentCache full:https://registry.npmjs.org/@rollup%2frollup-linux-arm64-gnu set size:undefined disposed:false
718 silly fetch manifest @rollup/rollup-android-arm-eabi@4.62.4
719 silly packumentCache full:https://registry.npmjs.org/@rollup%2frollup-android-arm-eabi cache-miss
720 http fetch GET 200 https://registry.npmjs.org/@rollup%2frollup-win32-ia32-msvc 463ms (cache miss)
721 silly packumentCache full:https://registry.npmjs.org/@rollup%2frollup-win32-ia32-msvc set size:undefined disposed:false
722 silly fetch manifest @rollup/rollup-linux-arm64-musl@4.62.4
723 silly packumentCache full:https://registry.npmjs.org/@rollup%2frollup-linux-arm64-musl cache-miss
724 http fetch GET 200 https://registry.npmjs.org/@rollup%2frollup-linux-s390x-gnu 702ms (cache miss)
725 silly packumentCache full:https://registry.npmjs.org/@rollup%2frollup-linux-s390x-gnu set size:undefined disposed:false
726 silly fetch manifest @rollup/rollup-linux-ppc64-musl@4.62.4
727 silly packumentCache full:https://registry.npmjs.org/@rollup%2frollup-linux-ppc64-musl cache-miss
728 http fetch GET 200 https://registry.npmjs.org/@rollup%2frollup-android-arm-eabi 776ms (cache miss)
729 silly packumentCache full:https://registry.npmjs.org/@rollup%2frollup-android-arm-eabi set size:undefined disposed:false
730 silly fetch manifest @rollup/rollup-win32-arm64-msvc@4.62.4
731 silly packumentCache full:https://registry.npmjs.org/@rollup%2frollup-win32-arm64-msvc cache-miss
732 http fetch GET 200 https://registry.npmjs.org/@rollup%2frollup-linux-ppc64-musl 453ms (cache miss)
733 silly packumentCache full:https://registry.npmjs.org/@rollup%2frollup-linux-ppc64-musl set size:undefined disposed:false
734 silly fetch manifest @rollup/rollup-linux-loong64-gnu@4.62.4
735 silly packumentCache full:https://registry.npmjs.org/@rollup%2frollup-linux-loong64-gnu cache-miss
736 http fetch GET 200 https://registry.npmjs.org/@rollup%2frollup-linux-arm64-musl 713ms (cache miss)
737 silly packumentCache full:https://registry.npmjs.org/@rollup%2frollup-linux-arm64-musl set size:undefined disposed:false
738 silly fetch manifest @rollup/rollup-linux-riscv64-gnu@4.62.4
739 silly packumentCache full:https://registry.npmjs.org/@rollup%2frollup-linux-riscv64-gnu cache-miss
740 http fetch GET 200 https://registry.npmjs.org/@rollup%2frollup-linux-loong64-gnu 449ms (cache miss)
741 silly packumentCache full:https://registry.npmjs.org/@rollup%2frollup-linux-loong64-gnu set size:undefined disposed:false
742 silly fetch manifest @rollup/rollup-openharmony-arm64@4.62.4
743 silly packumentCache full:https://registry.npmjs.org/@rollup%2frollup-openharmony-arm64 cache-miss
744 http fetch GET 200 https://registry.npmjs.org/@rollup%2frollup-win32-arm64-msvc 496ms (cache miss)
745 silly packumentCache full:https://registry.npmjs.org/@rollup%2frollup-win32-arm64-msvc set size:undefined disposed:false
746 silly fetch manifest @rollup/rollup-linux-loong64-musl@4.62.4
747 silly packumentCache full:https://registry.npmjs.org/@rollup%2frollup-linux-loong64-musl cache-miss
748 http fetch GET 200 https://registry.npmjs.org/@rollup%2frollup-linux-riscv64-gnu 487ms (cache miss)
749 silly packumentCache full:https://registry.npmjs.org/@rollup%2frollup-linux-riscv64-gnu set size:undefined disposed:false
750 silly fetch manifest @rollup/rollup-linux-riscv64-musl@4.62.4
751 silly packumentCache full:https://registry.npmjs.org/@rollup%2frollup-linux-riscv64-musl cache-miss
752 http fetch GET 200 https://registry.npmjs.org/@rollup%2frollup-openharmony-arm64 457ms (cache miss)
753 silly packumentCache full:https://registry.npmjs.org/@rollup%2frollup-openharmony-arm64 set size:undefined disposed:false
754 silly fetch manifest @rollup/rollup-linux-arm-gnueabihf@4.62.4
755 silly packumentCache full:https://registry.npmjs.org/@rollup%2frollup-linux-arm-gnueabihf cache-miss
756 http fetch GET 200 https://registry.npmjs.org/@rollup%2frollup-linux-loong64-musl 448ms (cache miss)
757 silly packumentCache full:https://registry.npmjs.org/@rollup%2frollup-linux-loong64-musl set size:undefined disposed:false
758 silly fetch manifest @rollup/rollup-linux-arm-musleabihf@4.62.4
759 silly packumentCache full:https://registry.npmjs.org/@rollup%2frollup-linux-arm-musleabihf cache-miss
760 http fetch GET 200 https://registry.npmjs.org/@rollup%2frollup-linux-riscv64-musl 529ms (cache miss)
761 silly packumentCache full:https://registry.npmjs.org/@rollup%2frollup-linux-riscv64-musl set size:undefined disposed:false
762 http fetch GET 200 https://registry.npmjs.org/@rollup%2frollup-linux-arm-musleabihf 484ms (cache miss)
763 silly packumentCache full:https://registry.npmjs.org/@rollup%2frollup-linux-arm-musleabihf set size:undefined disposed:false
764 http fetch GET 200 https://registry.npmjs.org/@rollup%2frollup-linux-arm-gnueabihf 791ms (cache miss)
765 silly packumentCache full:https://registry.npmjs.org/@rollup%2frollup-linux-arm-gnueabihf set size:undefined disposed:false
766 silly placeDep ROOT @esbuild/aix-ppc64@0.21.5 OK for: esbuild@0.21.5 want: 0.21.5
767 silly placeDep ROOT @esbuild/android-arm@0.21.5 OK for: esbuild@0.21.5 want: 0.21.5
768 silly placeDep ROOT @esbuild/android-arm64@0.21.5 OK for: esbuild@0.21.5 want: 0.21.5
769 silly placeDep ROOT @esbuild/android-x64@0.21.5 OK for: esbuild@0.21.5 want: 0.21.5
770 silly placeDep ROOT @esbuild/darwin-arm64@0.21.5 OK for: esbuild@0.21.5 want: 0.21.5
771 silly placeDep ROOT @esbuild/darwin-x64@0.21.5 OK for: esbuild@0.21.5 want: 0.21.5
772 silly placeDep ROOT @esbuild/freebsd-arm64@0.21.5 OK for: esbuild@0.21.5 want: 0.21.5
773 silly placeDep ROOT @esbuild/freebsd-x64@0.21.5 OK for: esbuild@0.21.5 want: 0.21.5
774 silly placeDep ROOT @esbuild/linux-arm@0.21.5 OK for: esbuild@0.21.5 want: 0.21.5
775 silly placeDep ROOT @esbuild/linux-arm64@0.21.5 OK for: esbuild@0.21.5 want: 0.21.5
776 silly placeDep ROOT @esbuild/linux-ia32@0.21.5 OK for: esbuild@0.21.5 want: 0.21.5
777 silly placeDep ROOT @esbuild/linux-loong64@0.21.5 OK for: esbuild@0.21.5 want: 0.21.5
778 silly placeDep ROOT @esbuild/linux-mips64el@0.21.5 OK for: esbuild@0.21.5 want: 0.21.5
779 silly placeDep ROOT @esbuild/linux-ppc64@0.21.5 OK for: esbuild@0.21.5 want: 0.21.5
780 silly placeDep ROOT @esbuild/linux-riscv64@0.21.5 OK for: esbuild@0.21.5 want: 0.21.5
781 silly placeDep ROOT @esbuild/linux-s390x@0.21.5 OK for: esbuild@0.21.5 want: 0.21.5
782 silly placeDep ROOT @esbuild/linux-x64@0.21.5 OK for: esbuild@0.21.5 want: 0.21.5
783 silly placeDep ROOT @esbuild/netbsd-x64@0.21.5 OK for: esbuild@0.21.5 want: 0.21.5
784 silly placeDep ROOT @esbuild/openbsd-x64@0.21.5 OK for: esbuild@0.21.5 want: 0.21.5
785 silly placeDep ROOT @esbuild/sunos-x64@0.21.5 OK for: esbuild@0.21.5 want: 0.21.5
786 silly placeDep ROOT @esbuild/win32-arm64@0.21.5 OK for: esbuild@0.21.5 want: 0.21.5
787 silly placeDep ROOT @esbuild/win32-ia32@0.21.5 OK for: esbuild@0.21.5 want: 0.21.5
788 silly placeDep ROOT @esbuild/win32-x64@0.21.5 OK for: esbuild@0.21.5 want: 0.21.5
789 silly placeDep ROOT nanoid@3.3.16 OK for: postcss@8.5.25 want: ^3.3.16
790 silly placeDep ROOT source-map-js@1.2.1 OK for: postcss@8.5.25 want: ^1.2.1
791 silly placeDep ROOT @napi-rs/lzma-linux-x64-gnu@1.5.1 OK for: rollup@4.62.4 want: 1.5.1
792 silly placeDep ROOT @rollup/rollup-android-arm-eabi@4.62.4 OK for: rollup@4.62.4 want: 4.62.4
793 silly placeDep ROOT @rollup/rollup-android-arm64@4.62.4 OK for: rollup@4.62.4 want: 4.62.4
794 silly placeDep ROOT @rollup/rollup-darwin-arm64@4.62.4 OK for: rollup@4.62.4 want: 4.62.4
795 silly placeDep ROOT @rollup/rollup-darwin-x64@4.62.4 OK for: rollup@4.62.4 want: 4.62.4
796 silly placeDep ROOT @rollup/rollup-freebsd-arm64@4.62.4 OK for: rollup@4.62.4 want: 4.62.4
797 silly placeDep ROOT @rollup/rollup-freebsd-x64@4.62.4 OK for: rollup@4.62.4 want: 4.62.4
798 silly placeDep ROOT @rollup/rollup-linux-arm-gnueabihf@4.62.4 OK for: rollup@4.62.4 want: 4.62.4
799 silly placeDep ROOT @rollup/rollup-linux-arm-musleabihf@4.62.4 OK for: rollup@4.62.4 want: 4.62.4
800 silly placeDep ROOT @rollup/rollup-linux-arm64-gnu@4.62.4 OK for: rollup@4.62.4 want: 4.62.4
801 silly placeDep ROOT @rollup/rollup-linux-arm64-musl@4.62.4 OK for: rollup@4.62.4 want: 4.62.4
802 silly placeDep ROOT @rollup/rollup-linux-loong64-gnu@4.62.4 OK for: rollup@4.62.4 want: 4.62.4
803 silly placeDep ROOT @rollup/rollup-linux-loong64-musl@4.62.4 OK for: rollup@4.62.4 want: 4.62.4
804 silly placeDep ROOT @rollup/rollup-linux-ppc64-gnu@4.62.4 OK for: rollup@4.62.4 want: 4.62.4
805 silly placeDep ROOT @rollup/rollup-linux-ppc64-musl@4.62.4 OK for: rollup@4.62.4 want: 4.62.4
806 silly placeDep ROOT @rollup/rollup-linux-riscv64-gnu@4.62.4 OK for: rollup@4.62.4 want: 4.62.4
807 silly placeDep ROOT @rollup/rollup-linux-riscv64-musl@4.62.4 OK for: rollup@4.62.4 want: 4.62.4
808 silly placeDep ROOT @rollup/rollup-linux-s390x-gnu@4.62.4 OK for: rollup@4.62.4 want: 4.62.4
809 silly placeDep ROOT @rollup/rollup-linux-x64-gnu@4.62.4 OK for: rollup@4.62.4 want: 4.62.4
810 silly placeDep ROOT @rollup/rollup-linux-x64-musl@4.62.4 OK for: rollup@4.62.4 want: 4.62.4
811 silly placeDep ROOT @rollup/rollup-openbsd-x64@4.62.4 OK for: rollup@4.62.4 want: 4.62.4
812 silly placeDep ROOT @rollup/rollup-openharmony-arm64@4.62.4 OK for: rollup@4.62.4 want: 4.62.4
813 silly placeDep ROOT @rollup/rollup-win32-arm64-msvc@4.62.4 OK for: rollup@4.62.4 want: 4.62.4
814 silly placeDep ROOT @rollup/rollup-win32-ia32-msvc@4.62.4 OK for: rollup@4.62.4 want: 4.62.4
815 silly placeDep ROOT @rollup/rollup-win32-x64-gnu@4.62.4 OK for: rollup@4.62.4 want: 4.62.4
816 silly placeDep ROOT @rollup/rollup-win32-x64-msvc@4.62.4 OK for: rollup@4.62.4 want: 4.62.4
817 silly placeDep ROOT @types/estree@1.0.9 OK for: rollup@4.62.4 want: 1.0.9
818 silly reify moves {}
819 verbose reify failed optional dependency D:\My-Wallet\frontend-admin\node_modules\@rollup\rollup-win32-ia32-msvc
820 silly reify mark deleted [
820 silly reify   'D:\\My-Wallet\\frontend-admin\\node_modules\\@rollup\\rollup-win32-ia32-msvc'
820 silly reify ]
821 verbose reify failed optional dependency D:\My-Wallet\frontend-admin\node_modules\@rollup\rollup-win32-arm64-msvc
822 silly reify mark deleted [
822 silly reify   'D:\\My-Wallet\\frontend-admin\\node_modules\\@rollup\\rollup-win32-arm64-msvc'
822 silly reify ]
823 verbose reify failed optional dependency D:\My-Wallet\frontend-admin\node_modules\@rollup\rollup-openharmony-arm64
824 silly reify mark deleted [
824 silly reify   'D:\\My-Wallet\\frontend-admin\\node_modules\\@rollup\\rollup-openharmony-arm64'
824 silly reify ]
825 verbose reify failed optional dependency D:\My-Wallet\frontend-admin\node_modules\@rollup\rollup-openbsd-x64
826 silly reify mark deleted [
826 silly reify   'D:\\My-Wallet\\frontend-admin\\node_modules\\@rollup\\rollup-openbsd-x64'
826 silly reify ]
827 verbose reify failed optional dependency D:\My-Wallet\frontend-admin\node_modules\@rollup\rollup-linux-x64-musl
828 silly reify mark deleted [
828 silly reify   'D:\\My-Wallet\\frontend-admin\\node_modules\\@rollup\\rollup-linux-x64-musl'
828 silly reify ]
829 verbose reify failed optional dependency D:\My-Wallet\frontend-admin\node_modules\@rollup\rollup-linux-x64-gnu
830 silly reify mark deleted [
830 silly reify   'D:\\My-Wallet\\frontend-admin\\node_modules\\@rollup\\rollup-linux-x64-gnu'
830 silly reify ]
831 verbose reify failed optional dependency D:\My-Wallet\frontend-admin\node_modules\@rollup\rollup-linux-s390x-gnu
832 silly reify mark deleted [
832 silly reify   'D:\\My-Wallet\\frontend-admin\\node_modules\\@rollup\\rollup-linux-s390x-gnu'
832 silly reify ]
833 verbose reify failed optional dependency D:\My-Wallet\frontend-admin\node_modules\@rollup\rollup-linux-riscv64-musl
834 silly reify mark deleted [
834 silly reify   'D:\\My-Wallet\\frontend-admin\\node_modules\\@rollup\\rollup-linux-riscv64-musl'
834 silly reify ]
835 verbose reify failed optional dependency D:\My-Wallet\frontend-admin\node_modules\@rollup\rollup-linux-riscv64-gnu
836 silly reify mark deleted [
836 silly reify   'D:\\My-Wallet\\frontend-admin\\node_modules\\@rollup\\rollup-linux-riscv64-gnu'
836 silly reify ]
837 verbose reify failed optional dependency D:\My-Wallet\frontend-admin\node_modules\@rollup\rollup-linux-ppc64-musl
838 silly reify mark deleted [
838 silly reify   'D:\\My-Wallet\\frontend-admin\\node_modules\\@rollup\\rollup-linux-ppc64-musl'
838 silly reify ]
839 verbose reify failed optional dependency D:\My-Wallet\frontend-admin\node_modules\@rollup\rollup-linux-ppc64-gnu
840 silly reify mark deleted [
840 silly reify   'D:\\My-Wallet\\frontend-admin\\node_modules\\@rollup\\rollup-linux-ppc64-gnu'
840 silly reify ]
841 verbose reify failed optional dependency D:\My-Wallet\frontend-admin\node_modules\@rollup\rollup-linux-loong64-musl
842 silly reify mark deleted [
842 silly reify   'D:\\My-Wallet\\frontend-admin\\node_modules\\@rollup\\rollup-linux-loong64-musl'
842 silly reify ]
843 verbose reify failed optional dependency D:\My-Wallet\frontend-admin\node_modules\@rollup\rollup-linux-loong64-gnu
844 silly reify mark deleted [
844 silly reify   'D:\\My-Wallet\\frontend-admin\\node_modules\\@rollup\\rollup-linux-loong64-gnu'
844 silly reify ]
845 verbose reify failed optional dependency D:\My-Wallet\frontend-admin\node_modules\@rollup\rollup-linux-arm64-musl
846 silly reify mark deleted [
846 silly reify   'D:\\My-Wallet\\frontend-admin\\node_modules\\@rollup\\rollup-linux-arm64-musl'
846 silly reify ]
847 verbose reify failed optional dependency D:\My-Wallet\frontend-admin\node_modules\@rollup\rollup-linux-arm64-gnu
848 silly reify mark deleted [
848 silly reify   'D:\\My-Wallet\\frontend-admin\\node_modules\\@rollup\\rollup-linux-arm64-gnu'
848 silly reify ]
849 verbose reify failed optional dependency D:\My-Wallet\frontend-admin\node_modules\@rollup\rollup-linux-arm-musleabihf
850 silly reify mark deleted [
850 silly reify   'D:\\My-Wallet\\frontend-admin\\node_modules\\@rollup\\rollup-linux-arm-musleabihf'
850 silly reify ]
851 verbose reify failed optional dependency D:\My-Wallet\frontend-admin\node_modules\@rollup\rollup-linux-arm-gnueabihf
852 silly reify mark deleted [
852 silly reify   'D:\\My-Wallet\\frontend-admin\\node_modules\\@rollup\\rollup-linux-arm-gnueabihf'
852 silly reify ]
853 verbose reify failed optional dependency D:\My-Wallet\frontend-admin\node_modules\@rollup\rollup-freebsd-x64
854 silly reify mark deleted [
854 silly reify   'D:\\My-Wallet\\frontend-admin\\node_modules\\@rollup\\rollup-freebsd-x64'
854 silly reify ]
855 verbose reify failed optional dependency D:\My-Wallet\frontend-admin\node_modules\@rollup\rollup-freebsd-arm64
856 silly reify mark deleted [
856 silly reify   'D:\\My-Wallet\\frontend-admin\\node_modules\\@rollup\\rollup-freebsd-arm64'
856 silly reify ]
857 verbose reify failed optional dependency D:\My-Wallet\frontend-admin\node_modules\@rollup\rollup-darwin-x64
858 silly reify mark deleted [
858 silly reify   'D:\\My-Wallet\\frontend-admin\\node_modules\\@rollup\\rollup-darwin-x64'
858 silly reify ]
859 verbose reify failed optional dependency D:\My-Wallet\frontend-admin\node_modules\@rollup\rollup-darwin-arm64
860 silly reify mark deleted [
860 silly reify   'D:\\My-Wallet\\frontend-admin\\node_modules\\@rollup\\rollup-darwin-arm64'
860 silly reify ]
861 verbose reify failed optional dependency D:\My-Wallet\frontend-admin\node_modules\@rollup\rollup-android-arm64
862 silly reify mark deleted [
862 silly reify   'D:\\My-Wallet\\frontend-admin\\node_modules\\@rollup\\rollup-android-arm64'
862 silly reify ]
863 verbose reify failed optional dependency D:\My-Wallet\frontend-admin\node_modules\@rollup\rollup-android-arm-eabi
864 silly reify mark deleted [
864 silly reify   'D:\\My-Wallet\\frontend-admin\\node_modules\\@rollup\\rollup-android-arm-eabi'
864 silly reify ]
865 verbose reify failed optional dependency D:\My-Wallet\frontend-admin\node_modules\@napi-rs\lzma-linux-x64-gnu
866 silly reify mark deleted [
866 silly reify   'D:\\My-Wallet\\frontend-admin\\node_modules\\@napi-rs\\lzma-linux-x64-gnu'
866 silly reify ]
867 verbose reify failed optional dependency D:\My-Wallet\frontend-admin\node_modules\@esbuild\win32-ia32
868 silly reify mark deleted [ 'D:\\My-Wallet\\frontend-admin\\node_modules\\@esbuild\\win32-ia32' ]
869 verbose reify failed optional dependency D:\My-Wallet\frontend-admin\node_modules\@esbuild\win32-arm64
870 silly reify mark deleted [
870 silly reify   'D:\\My-Wallet\\frontend-admin\\node_modules\\@esbuild\\win32-arm64'
870 silly reify ]
871 verbose reify failed optional dependency D:\My-Wallet\frontend-admin\node_modules\@esbuild\sunos-x64
872 silly reify mark deleted [ 'D:\\My-Wallet\\frontend-admin\\node_modules\\@esbuild\\sunos-x64' ]
873 verbose reify failed optional dependency D:\My-Wallet\frontend-admin\node_modules\@esbuild\openbsd-x64
874 silly reify mark deleted [
874 silly reify   'D:\\My-Wallet\\frontend-admin\\node_modules\\@esbuild\\openbsd-x64'
874 silly reify ]
875 verbose reify failed optional dependency D:\My-Wallet\frontend-admin\node_modules\@esbuild\netbsd-x64
876 silly reify mark deleted [ 'D:\\My-Wallet\\frontend-admin\\node_modules\\@esbuild\\netbsd-x64' ]
877 verbose reify failed optional dependency D:\My-Wallet\frontend-admin\node_modules\@esbuild\linux-x64
878 silly reify mark deleted [ 'D:\\My-Wallet\\frontend-admin\\node_modules\\@esbuild\\linux-x64' ]
879 verbose reify failed optional dependency D:\My-Wallet\frontend-admin\node_modules\@esbuild\linux-s390x
880 silly reify mark deleted [
880 silly reify   'D:\\My-Wallet\\frontend-admin\\node_modules\\@esbuild\\linux-s390x'
880 silly reify ]
881 verbose reify failed optional dependency D:\My-Wallet\frontend-admin\node_modules\@esbuild\linux-riscv64
882 silly reify mark deleted [
882 silly reify   'D:\\My-Wallet\\frontend-admin\\node_modules\\@esbuild\\linux-riscv64'
882 silly reify ]
883 verbose reify failed optional dependency D:\My-Wallet\frontend-admin\node_modules\@esbuild\linux-ppc64
884 silly reify mark deleted [
884 silly reify   'D:\\My-Wallet\\frontend-admin\\node_modules\\@esbuild\\linux-ppc64'
884 silly reify ]
885 verbose reify failed optional dependency D:\My-Wallet\frontend-admin\node_modules\@esbuild\linux-mips64el
886 silly reify mark deleted [
886 silly reify   'D:\\My-Wallet\\frontend-admin\\node_modules\\@esbuild\\linux-mips64el'
886 silly reify ]
887 verbose reify failed optional dependency D:\My-Wallet\frontend-admin\node_modules\@esbuild\linux-loong64
888 silly reify mark deleted [
888 silly reify   'D:\\My-Wallet\\frontend-admin\\node_modules\\@esbuild\\linux-loong64'
888 silly reify ]
889 verbose reify failed optional dependency D:\My-Wallet\frontend-admin\node_modules\@esbuild\linux-ia32
890 silly reify mark deleted [ 'D:\\My-Wallet\\frontend-admin\\node_modules\\@esbuild\\linux-ia32' ]
891 verbose reify failed optional dependency D:\My-Wallet\frontend-admin\node_modules\@esbuild\linux-arm64
892 silly reify mark deleted [
892 silly reify   'D:\\My-Wallet\\frontend-admin\\node_modules\\@esbuild\\linux-arm64'
892 silly reify ]
893 verbose reify failed optional dependency D:\My-Wallet\frontend-admin\node_modules\@esbuild\linux-arm
894 silly reify mark deleted [ 'D:\\My-Wallet\\frontend-admin\\node_modules\\@esbuild\\linux-arm' ]
895 verbose reify failed optional dependency D:\My-Wallet\frontend-admin\node_modules\@esbuild\freebsd-x64
896 silly reify mark deleted [
896 silly reify   'D:\\My-Wallet\\frontend-admin\\node_modules\\@esbuild\\freebsd-x64'
896 silly reify ]
897 verbose reify failed optional dependency D:\My-Wallet\frontend-admin\node_modules\@esbuild\freebsd-arm64
898 silly reify mark deleted [
898 silly reify   'D:\\My-Wallet\\frontend-admin\\node_modules\\@esbuild\\freebsd-arm64'
898 silly reify ]
899 verbose reify failed optional dependency D:\My-Wallet\frontend-admin\node_modules\@esbuild\darwin-x64
900 silly reify mark deleted [ 'D:\\My-Wallet\\frontend-admin\\node_modules\\@esbuild\\darwin-x64' ]
901 verbose reify failed optional dependency D:\My-Wallet\frontend-admin\node_modules\@esbuild\darwin-arm64
902 silly reify mark deleted [
902 silly reify   'D:\\My-Wallet\\frontend-admin\\node_modules\\@esbuild\\darwin-arm64'
902 silly reify ]
903 verbose reify failed optional dependency D:\My-Wallet\frontend-admin\node_modules\@esbuild\android-x64
904 silly reify mark deleted [
904 silly reify   'D:\\My-Wallet\\frontend-admin\\node_modules\\@esbuild\\android-x64'
904 silly reify ]
905 verbose reify failed optional dependency D:\My-Wallet\frontend-admin\node_modules\@esbuild\android-arm64
906 silly reify mark deleted [
906 silly reify   'D:\\My-Wallet\\frontend-admin\\node_modules\\@esbuild\\android-arm64'
906 silly reify ]
907 verbose reify failed optional dependency D:\My-Wallet\frontend-admin\node_modules\@esbuild\android-arm
908 silly reify mark deleted [
908 silly reify   'D:\\My-Wallet\\frontend-admin\\node_modules\\@esbuild\\android-arm'
908 silly reify ]
909 verbose reify failed optional dependency D:\My-Wallet\frontend-admin\node_modules\@esbuild\aix-ppc64
910 silly reify mark deleted [ 'D:\\My-Wallet\\frontend-admin\\node_modules\\@esbuild\\aix-ppc64' ]
911 verbose reify failed optional dependency D:\My-Wallet\frontend-admin\node_modules\fsevents
912 silly reify mark deleted [ 'D:\\My-Wallet\\frontend-admin\\node_modules\\fsevents' ]
913 http cache @types/estree@https://registry.npmjs.org/@types/estree/-/estree-1.0.9.tgz 0ms (cache hit)
914 http cache @rollup/rollup-win32-x64-msvc@https://registry.npmjs.org/@rollup/rollup-win32-x64-msvc/-/rollup-win32-x64-msvc-4.62.4.tgz 0ms (cache hit)
915 http cache @rollup/rollup-win32-x64-gnu@https://registry.npmjs.org/@rollup/rollup-win32-x64-gnu/-/rollup-win32-x64-gnu-4.62.4.tgz 0ms (cache hit)
916 http cache source-map-js@https://registry.npmjs.org/source-map-js/-/source-map-js-1.2.1.tgz 0ms (cache hit)
917 http cache nanoid@https://registry.npmjs.org/nanoid/-/nanoid-3.3.16.tgz 0ms (cache hit)
918 http cache @esbuild/win32-x64@https://registry.npmjs.org/@esbuild/win32-x64/-/win32-x64-0.21.5.tgz 0ms (cache hit)
919 http cache rollup@https://registry.npmjs.org/rollup/-/rollup-4.62.4.tgz 0ms (cache hit)
920 http cache postcss@https://registry.npmjs.org/postcss/-/postcss-8.5.25.tgz 0ms (cache hit)
921 http cache esbuild@https://registry.npmjs.org/esbuild/-/esbuild-0.21.5.tgz 0ms (cache hit)
922 http cache escalade@https://registry.npmjs.org/escalade/-/escalade-3.2.0.tgz 0ms (cache hit)
923 http cache react-router@https://registry.npmjs.org/react-router/-/react-router-6.30.4.tgz 0ms (cache hit)
924 http cache @remix-run/router@https://registry.npmjs.org/@remix-run/router/-/router-1.23.3.tgz 0ms (cache hit)
925 http cache scheduler@https://registry.npmjs.org/scheduler/-/scheduler-0.23.2.tgz 0ms (cache hit)
926 http cache loose-envify@https://registry.npmjs.org/loose-envify/-/loose-envify-1.4.0.tgz 0ms (cache hit)
927 http cache mime-db@https://registry.npmjs.org/mime-db/-/mime-db-1.52.0.tgz 0ms (cache hit)
928 http cache yallist@https://registry.npmjs.org/yallist/-/yallist-3.1.1.tgz 0ms (cache hit)
929 http cache agent-base@https://registry.npmjs.org/agent-base/-/agent-base-6.0.2.tgz 2ms (cache hit)
930 http cache dunder-proto@https://registry.npmjs.org/dunder-proto/-/dunder-proto-1.0.1.tgz 1ms (cache hit)
931 http cache math-intrinsics@https://registry.npmjs.org/math-intrinsics/-/math-intrinsics-1.1.0.tgz 0ms (cache hit)
932 http cache has-symbols@https://registry.npmjs.org/has-symbols/-/has-symbols-1.1.0.tgz 1ms (cache hit)
933 http cache gopd@https://registry.npmjs.org/gopd/-/gopd-1.2.0.tgz 0ms (cache hit)
934 http cache get-proto@https://registry.npmjs.org/get-proto/-/get-proto-1.0.1.tgz 0ms (cache hit)
935 http cache function-bind@https://registry.npmjs.org/function-bind/-/function-bind-1.1.2.tgz 0ms (cache hit)
936 http cache es-object-atoms@https://registry.npmjs.org/es-object-atoms/-/es-object-atoms-1.1.2.tgz 0ms (cache hit)
937 http cache es-define-property@https://registry.npmjs.org/es-define-property/-/es-define-property-1.0.1.tgz 0ms (cache hit)
938 http cache call-bind-apply-helpers@https://registry.npmjs.org/call-bind-apply-helpers/-/call-bind-apply-helpers-1.0.2.tgz 0ms (cache hit)
939 http cache has-tostringtag@https://registry.npmjs.org/has-tostringtag/-/has-tostringtag-1.0.2.tgz 0ms (cache hit)
940 http cache delayed-stream@https://registry.npmjs.org/delayed-stream/-/delayed-stream-1.0.0.tgz 0ms (cache hit)
941 http cache get-intrinsic@https://registry.npmjs.org/get-intrinsic/-/get-intrinsic-1.3.0.tgz 0ms (cache hit)
942 http cache es-errors@https://registry.npmjs.org/es-errors/-/es-errors-1.3.0.tgz 0ms (cache hit)
943 http cache mime-types@https://registry.npmjs.org/mime-types/-/mime-types-2.1.35.tgz 0ms (cache hit)
944 http cache hasown@https://registry.npmjs.org/hasown/-/hasown-2.0.4.tgz 0ms (cache hit)
945 http cache es-set-tostringtag@https://registry.npmjs.org/es-set-tostringtag/-/es-set-tostringtag-2.1.0.tgz 0ms (cache hit)
946 http cache combined-stream@https://registry.npmjs.org/combined-stream/-/combined-stream-1.0.8.tgz 0ms (cache hit)
947 http cache asynckit@https://registry.npmjs.org/asynckit/-/asynckit-0.4.0.tgz 0ms (cache hit)
948 http cache ms@https://registry.npmjs.org/ms/-/ms-2.1.3.tgz 1ms (cache hit)
949 http cache update-browserslist-db@https://registry.npmjs.org/update-browserslist-db/-/update-browserslist-db-1.2.3.tgz 0ms (cache hit)
950 http cache node-releases@https://registry.npmjs.org/node-releases/-/node-releases-2.0.51.tgz 0ms (cache hit)
951 http cache electron-to-chromium@https://registry.npmjs.org/electron-to-chromium/-/electron-to-chromium-1.5.399.tgz 1ms (cache hit)
952 http cache caniuse-lite@https://registry.npmjs.org/caniuse-lite/-/caniuse-lite-1.0.30001806.tgz 0ms (cache hit)
953 http cache baseline-browser-mapping@https://registry.npmjs.org/baseline-browser-mapping/-/baseline-browser-mapping-2.11.9.tgz 0ms (cache hit)
954 http cache proxy-from-env@https://registry.npmjs.org/proxy-from-env/-/proxy-from-env-2.1.0.tgz 0ms (cache hit)
955 http cache form-data@https://registry.npmjs.org/form-data/-/form-data-4.0.6.tgz 0ms (cache hit)
956 http cache https-proxy-agent@https://registry.npmjs.org/https-proxy-agent/-/https-proxy-agent-5.0.1.tgz 0ms (cache hit)
957 http cache follow-redirects@https://registry.npmjs.org/follow-redirects/-/follow-redirects-1.16.0.tgz 0ms (cache hit)
958 http cache @types/babel__template@https://registry.npmjs.org/@types/babel__template/-/babel__template-7.4.4.tgz 1ms (cache hit)
959 http cache @types/babel__traverse@https://registry.npmjs.org/@types/babel__traverse/-/babel__traverse-7.28.0.tgz 0ms (cache hit)
960 http cache @types/babel__generator@https://registry.npmjs.org/@types/babel__generator/-/babel__generator-7.27.0.tgz 1ms (cache hit)
961 http cache @jridgewell/sourcemap-codec@https://registry.npmjs.org/@jridgewell/sourcemap-codec/-/sourcemap-codec-1.5.5.tgz 0ms (cache hit)
962 http cache @jridgewell/resolve-uri@https://registry.npmjs.org/@jridgewell/resolve-uri/-/resolve-uri-3.1.2.tgz 0ms (cache hit)
963 http cache @babel/helper-string-parser@https://registry.npmjs.org/@babel/helper-string-parser/-/helper-string-parser-7.29.7.tgz 0ms (cache hit)
964 http cache @babel/helper-plugin-utils@https://registry.npmjs.org/@babel/helper-plugin-utils/-/helper-plugin-utils-7.29.7.tgz 0ms (cache hit)
965 http cache @babel/helper-globals@https://registry.npmjs.org/@babel/helper-globals/-/helper-globals-7.29.7.tgz 0ms (cache hit)
966 http cache @babel/helper-module-imports@https://registry.npmjs.org/@babel/helper-module-imports/-/helper-module-imports-7.29.7.tgz 0ms (cache hit)
967 http cache lru-cache@https://registry.npmjs.org/lru-cache/-/lru-cache-5.1.1.tgz 0ms (cache hit)
968 http cache browserslist@https://registry.npmjs.org/browserslist/-/browserslist-4.28.7.tgz 0ms (cache hit)
969 http cache @babel/helper-validator-option@https://registry.npmjs.org/@babel/helper-validator-option/-/helper-validator-option-7.29.7.tgz 0ms (cache hit)
970 http cache @babel/compat-data@https://registry.npmjs.org/@babel/compat-data/-/compat-data-7.29.7.tgz 1ms (cache hit)
971 http cache jsesc@https://registry.npmjs.org/jsesc/-/jsesc-3.1.0.tgz 0ms (cache hit)
972 http cache @jridgewell/trace-mapping@https://registry.npmjs.org/@jridgewell/trace-mapping/-/trace-mapping-0.3.31.tgz 0ms (cache hit)
973 http cache @jridgewell/gen-mapping@https://registry.npmjs.org/@jridgewell/gen-mapping/-/gen-mapping-0.3.13.tgz 0ms (cache hit)
974 http cache picocolors@https://registry.npmjs.org/picocolors/-/picocolors-1.1.1.tgz 0ms (cache hit)
975 http cache js-tokens@https://registry.npmjs.org/js-tokens/-/js-tokens-4.0.0.tgz 0ms (cache hit)
976 http cache semver@https://registry.npmjs.org/semver/-/semver-6.3.1.tgz 0ms (cache hit)
977 http cache @babel/helper-validator-identifier@https://registry.npmjs.org/@babel/helper-validator-identifier/-/helper-validator-identifier-7.29.7.tgz 0ms (cache hit)
978 http cache json5@https://registry.npmjs.org/json5/-/json5-2.2.3.tgz 0ms (cache hit)
979 http cache gensync@https://registry.npmjs.org/gensync/-/gensync-1.0.0-beta.2.tgz 0ms (cache hit)
980 http cache convert-source-map@https://registry.npmjs.org/convert-source-map/-/convert-source-map-2.0.0.tgz 0ms (cache hit)
981 http cache @jridgewell/remapping@https://registry.npmjs.org/@jridgewell/remapping/-/remapping-2.3.5.tgz 0ms (cache hit)
982 http cache @babel/types@https://registry.npmjs.org/@babel/types/-/types-7.29.8.tgz 0ms (cache hit)
983 http cache @babel/traverse@https://registry.npmjs.org/@babel/traverse/-/traverse-7.29.8.tgz 0ms (cache hit)
984 http cache @babel/template@https://registry.npmjs.org/@babel/template/-/template-7.29.7.tgz 0ms (cache hit)
985 http cache @babel/parser@https://registry.npmjs.org/@babel/parser/-/parser-7.29.8.tgz 0ms (cache hit)
986 http cache @babel/helpers@https://registry.npmjs.org/@babel/helpers/-/helpers-7.29.7.tgz 0ms (cache hit)
987 http cache @babel/helper-module-transforms@https://registry.npmjs.org/@babel/helper-module-transforms/-/helper-module-transforms-7.29.7.tgz 0ms (cache hit)
988 http cache @babel/helper-compilation-targets@https://registry.npmjs.org/@babel/helper-compilation-targets/-/helper-compilation-targets-7.29.7.tgz 0ms (cache hit)
989 http cache @babel/generator@https://registry.npmjs.org/@babel/generator/-/generator-7.29.8.tgz 0ms (cache hit)
990 http cache react-refresh@https://registry.npmjs.org/react-refresh/-/react-refresh-0.17.0.tgz 0ms (cache hit)
991 http cache @babel/code-frame@https://registry.npmjs.org/@babel/code-frame/-/code-frame-7.29.7.tgz 0ms (cache hit)
992 http cache @types/babel__core@https://registry.npmjs.org/@types/babel__core/-/babel__core-7.20.5.tgz 0ms (cache hit)
993 http cache @rolldown/pluginutils@https://registry.npmjs.org/@rolldown/pluginutils/-/pluginutils-1.0.0-beta.27.tgz 0ms (cache hit)
994 http cache @babel/plugin-transform-react-jsx-source@https://registry.npmjs.org/@babel/plugin-transform-react-jsx-source/-/plugin-transform-react-jsx-source-7.29.7.tgz 0ms (cache hit)
995 http cache @babel/plugin-transform-react-jsx-self@https://registry.npmjs.org/@babel/plugin-transform-react-jsx-self/-/plugin-transform-react-jsx-self-7.29.7.tgz 0ms (cache hit)
996 http cache @babel/core@https://registry.npmjs.org/@babel/core/-/core-7.29.7.tgz 5ms (cache hit)
997 http cache csstype@https://registry.npmjs.org/csstype/-/csstype-3.2.3.tgz 0ms (cache hit)
998 http cache @types/prop-types@https://registry.npmjs.org/@types/prop-types/-/prop-types-15.7.15.tgz 0ms (cache hit)
999 http cache typescript@https://registry.npmjs.org/typescript/-/typescript-5.6.3.tgz 0ms (cache hit)
1000 http cache react-dom@https://registry.npmjs.org/react-dom/-/react-dom-18.3.1.tgz 0ms (cache hit)
1001 http cache react@https://registry.npmjs.org/react/-/react-18.3.1.tgz 0ms (cache hit)
1002 http cache axios@https://registry.npmjs.org/axios/-/axios-1.19.0.tgz 0ms (cache hit)
1003 http cache react-router-dom@https://registry.npmjs.org/react-router-dom/-/react-router-dom-6.30.4.tgz 0ms (cache hit)
1004 http cache vite@https://registry.npmjs.org/vite/-/vite-5.4.21.tgz 0ms (cache hit)
1005 http cache @vitejs/plugin-react@https://registry.npmjs.org/@vitejs/plugin-react/-/plugin-react-4.7.0.tgz 1ms (cache hit)
1006 http cache @types/react-dom@https://registry.npmjs.org/@types/react-dom/-/react-dom-18.3.7.tgz 0ms (cache hit)
1007 http cache @types/react@https://registry.npmjs.org/@types/react/-/react-18.3.31.tgz 0ms (cache hit)
1008 silly tarball no local data for @types/estree@https://registry.npmjs.org/@types/estree/-/estree-1.0.9.tgz. Extracting by manifest.
1009 silly tarball no local data for @rollup/rollup-win32-x64-msvc@https://registry.npmjs.org/@rollup/rollup-win32-x64-msvc/-/rollup-win32-x64-msvc-4.62.4.tgz. Extracting by manifest.
1010 silly tarball no local data for @rollup/rollup-win32-x64-gnu@https://registry.npmjs.org/@rollup/rollup-win32-x64-gnu/-/rollup-win32-x64-gnu-4.62.4.tgz. Extracting by manifest.
1011 silly tarball no local data for source-map-js@https://registry.npmjs.org/source-map-js/-/source-map-js-1.2.1.tgz. Extracting by manifest.
1012 silly tarball no local data for nanoid@https://registry.npmjs.org/nanoid/-/nanoid-3.3.16.tgz. Extracting by manifest.
1013 silly tarball no local data for @esbuild/win32-x64@https://registry.npmjs.org/@esbuild/win32-x64/-/win32-x64-0.21.5.tgz. Extracting by manifest.
1014 silly tarball no local data for rollup@https://registry.npmjs.org/rollup/-/rollup-4.62.4.tgz. Extracting by manifest.
1015 silly tarball no local data for esbuild@https://registry.npmjs.org/esbuild/-/esbuild-0.21.5.tgz. Extracting by manifest.
1016 silly tarball no local data for postcss@https://registry.npmjs.org/postcss/-/postcss-8.5.25.tgz. Extracting by manifest.
1017 silly tarball no local data for escalade@https://registry.npmjs.org/escalade/-/escalade-3.2.0.tgz. Extracting by manifest.
1018 silly tarball no local data for react-router@https://registry.npmjs.org/react-router/-/react-router-6.30.4.tgz. Extracting by manifest.
1019 silly tarball no local data for @remix-run/router@https://registry.npmjs.org/@remix-run/router/-/router-1.23.3.tgz. Extracting by manifest.
1020 silly tarball no local data for scheduler@https://registry.npmjs.org/scheduler/-/scheduler-0.23.2.tgz. Extracting by manifest.
1021 silly tarball no local data for loose-envify@https://registry.npmjs.org/loose-envify/-/loose-envify-1.4.0.tgz. Extracting by manifest.
1022 silly tarball no local data for mime-db@https://registry.npmjs.org/mime-db/-/mime-db-1.52.0.tgz. Extracting by manifest.
1023 silly tarball no local data for yallist@https://registry.npmjs.org/yallist/-/yallist-3.1.1.tgz. Extracting by manifest.
1024 silly tarball no local data for agent-base@https://registry.npmjs.org/agent-base/-/agent-base-6.0.2.tgz. Extracting by manifest.
1025 silly tarball no local data for dunder-proto@https://registry.npmjs.org/dunder-proto/-/dunder-proto-1.0.1.tgz. Extracting by manifest.
1026 silly tarball no local data for math-intrinsics@https://registry.npmjs.org/math-intrinsics/-/math-intrinsics-1.1.0.tgz. Extracting by manifest.
1027 silly tarball no local data for has-symbols@https://registry.npmjs.org/has-symbols/-/has-symbols-1.1.0.tgz. Extracting by manifest.
1028 silly tarball no local data for gopd@https://registry.npmjs.org/gopd/-/gopd-1.2.0.tgz. Extracting by manifest.
1029 http cache debug@https://registry.npmjs.org/debug/-/debug-4.4.3.tgz 1ms (cache hit)
1030 silly tarball no local data for get-proto@https://registry.npmjs.org/get-proto/-/get-proto-1.0.1.tgz. Extracting by manifest.
1031 silly tarball no local data for function-bind@https://registry.npmjs.org/function-bind/-/function-bind-1.1.2.tgz. Extracting by manifest.
1032 silly tarball no local data for es-object-atoms@https://registry.npmjs.org/es-object-atoms/-/es-object-atoms-1.1.2.tgz. Extracting by manifest.
1033 silly tarball no local data for es-define-property@https://registry.npmjs.org/es-define-property/-/es-define-property-1.0.1.tgz. Extracting by manifest.
1034 silly tarball no local data for call-bind-apply-helpers@https://registry.npmjs.org/call-bind-apply-helpers/-/call-bind-apply-helpers-1.0.2.tgz. Extracting by manifest.
1035 silly tarball no local data for has-tostringtag@https://registry.npmjs.org/has-tostringtag/-/has-tostringtag-1.0.2.tgz. Extracting by manifest.
1036 silly tarball no local data for delayed-stream@https://registry.npmjs.org/delayed-stream/-/delayed-stream-1.0.0.tgz. Extracting by manifest.
1037 silly tarball no local data for get-intrinsic@https://registry.npmjs.org/get-intrinsic/-/get-intrinsic-1.3.0.tgz. Extracting by manifest.
1038 silly tarball no local data for es-errors@https://registry.npmjs.org/es-errors/-/es-errors-1.3.0.tgz. Extracting by manifest.
1039 silly tarball no local data for mime-types@https://registry.npmjs.org/mime-types/-/mime-types-2.1.35.tgz. Extracting by manifest.
1040 silly tarball no local data for hasown@https://registry.npmjs.org/hasown/-/hasown-2.0.4.tgz. Extracting by manifest.
1041 silly tarball no local data for es-set-tostringtag@https://registry.npmjs.org/es-set-tostringtag/-/es-set-tostringtag-2.1.0.tgz. Extracting by manifest.
1042 silly tarball no local data for combined-stream@https://registry.npmjs.org/combined-stream/-/combined-stream-1.0.8.tgz. Extracting by manifest.
1043 silly tarball no local data for asynckit@https://registry.npmjs.org/asynckit/-/asynckit-0.4.0.tgz. Extracting by manifest.
1044 silly tarball no local data for ms@https://registry.npmjs.org/ms/-/ms-2.1.3.tgz. Extracting by manifest.
1045 silly tarball no local data for update-browserslist-db@https://registry.npmjs.org/update-browserslist-db/-/update-browserslist-db-1.2.3.tgz. Extracting by manifest.
1046 silly tarball no local data for node-releases@https://registry.npmjs.org/node-releases/-/node-releases-2.0.51.tgz. Extracting by manifest.
1047 silly tarball no local data for electron-to-chromium@https://registry.npmjs.org/electron-to-chromium/-/electron-to-chromium-1.5.399.tgz. Extracting by manifest.
1048 silly tarball no local data for caniuse-lite@https://registry.npmjs.org/caniuse-lite/-/caniuse-lite-1.0.30001806.tgz. Extracting by manifest.
1049 silly tarball no local data for baseline-browser-mapping@https://registry.npmjs.org/baseline-browser-mapping/-/baseline-browser-mapping-2.11.9.tgz. Extracting by manifest.
1050 silly tarball no local data for proxy-from-env@https://registry.npmjs.org/proxy-from-env/-/proxy-from-env-2.1.0.tgz. Extracting by manifest.
1051 silly tarball no local data for form-data@https://registry.npmjs.org/form-data/-/form-data-4.0.6.tgz. Extracting by manifest.
1052 silly tarball no local data for https-proxy-agent@https://registry.npmjs.org/https-proxy-agent/-/https-proxy-agent-5.0.1.tgz. Extracting by manifest.
1053 silly tarball no local data for follow-redirects@https://registry.npmjs.org/follow-redirects/-/follow-redirects-1.16.0.tgz. Extracting by manifest.
1054 silly tarball no local data for @types/babel__template@https://registry.npmjs.org/@types/babel__template/-/babel__template-7.4.4.tgz. Extracting by manifest.
1055 silly tarball no local data for @types/babel__traverse@https://registry.npmjs.org/@types/babel__traverse/-/babel__traverse-7.28.0.tgz. Extracting by manifest.
1056 silly tarball no local data for @types/babel__generator@https://registry.npmjs.org/@types/babel__generator/-/babel__generator-7.27.0.tgz. Extracting by manifest.
1057 silly tarball no local data for @jridgewell/sourcemap-codec@https://registry.npmjs.org/@jridgewell/sourcemap-codec/-/sourcemap-codec-1.5.5.tgz. Extracting by manifest.
1058 silly tarball no local data for @jridgewell/resolve-uri@https://registry.npmjs.org/@jridgewell/resolve-uri/-/resolve-uri-3.1.2.tgz. Extracting by manifest.
1059 silly tarball no local data for @babel/helper-string-parser@https://registry.npmjs.org/@babel/helper-string-parser/-/helper-string-parser-7.29.7.tgz. Extracting by manifest.
1060 silly tarball no local data for @babel/helper-plugin-utils@https://registry.npmjs.org/@babel/helper-plugin-utils/-/helper-plugin-utils-7.29.7.tgz. Extracting by manifest.
1061 silly tarball no local data for @babel/helper-globals@https://registry.npmjs.org/@babel/helper-globals/-/helper-globals-7.29.7.tgz. Extracting by manifest.
1062 silly tarball no local data for @babel/helper-module-imports@https://registry.npmjs.org/@babel/helper-module-imports/-/helper-module-imports-7.29.7.tgz. Extracting by manifest.
1063 silly tarball no local data for lru-cache@https://registry.npmjs.org/lru-cache/-/lru-cache-5.1.1.tgz. Extracting by manifest.
1064 silly tarball no local data for browserslist@https://registry.npmjs.org/browserslist/-/browserslist-4.28.7.tgz. Extracting by manifest.
1065 silly tarball no local data for @babel/helper-validator-option@https://registry.npmjs.org/@babel/helper-validator-option/-/helper-validator-option-7.29.7.tgz. Extracting by manifest.
1066 silly tarball no local data for @babel/compat-data@https://registry.npmjs.org/@babel/compat-data/-/compat-data-7.29.7.tgz. Extracting by manifest.
1067 silly tarball no local data for jsesc@https://registry.npmjs.org/jsesc/-/jsesc-3.1.0.tgz. Extracting by manifest.
1068 silly tarball no local data for @jridgewell/trace-mapping@https://registry.npmjs.org/@jridgewell/trace-mapping/-/trace-mapping-0.3.31.tgz. Extracting by manifest.
1069 silly tarball no local data for @jridgewell/gen-mapping@https://registry.npmjs.org/@jridgewell/gen-mapping/-/gen-mapping-0.3.13.tgz. Extracting by manifest.
1070 silly tarball no local data for picocolors@https://registry.npmjs.org/picocolors/-/picocolors-1.1.1.tgz. Extracting by manifest.
1071 silly tarball no local data for js-tokens@https://registry.npmjs.org/js-tokens/-/js-tokens-4.0.0.tgz. Extracting by manifest.
1072 silly tarball no local data for semver@https://registry.npmjs.org/semver/-/semver-6.3.1.tgz. Extracting by manifest.
1073 silly tarball no local data for @babel/helper-validator-identifier@https://registry.npmjs.org/@babel/helper-validator-identifier/-/helper-validator-identifier-7.29.7.tgz. Extracting by manifest.
1074 silly tarball no local data for json5@https://registry.npmjs.org/json5/-/json5-2.2.3.tgz. Extracting by manifest.
1075 silly tarball no local data for gensync@https://registry.npmjs.org/gensync/-/gensync-1.0.0-beta.2.tgz. Extracting by manifest.
1076 silly tarball no local data for convert-source-map@https://registry.npmjs.org/convert-source-map/-/convert-source-map-2.0.0.tgz. Extracting by manifest.
1077 silly tarball no local data for @jridgewell/remapping@https://registry.npmjs.org/@jridgewell/remapping/-/remapping-2.3.5.tgz. Extracting by manifest.
1078 silly tarball no local data for @babel/types@https://registry.npmjs.org/@babel/types/-/types-7.29.8.tgz. Extracting by manifest.
1079 silly tarball no local data for @babel/traverse@https://registry.npmjs.org/@babel/traverse/-/traverse-7.29.8.tgz. Extracting by manifest.
1080 silly tarball no local data for @babel/template@https://registry.npmjs.org/@babel/template/-/template-7.29.7.tgz. Extracting by manifest.
1081 silly tarball no local data for @babel/parser@https://registry.npmjs.org/@babel/parser/-/parser-7.29.8.tgz. Extracting by manifest.
1082 silly tarball no local data for @babel/helpers@https://registry.npmjs.org/@babel/helpers/-/helpers-7.29.7.tgz. Extracting by manifest.
1083 silly tarball no local data for @babel/helper-module-transforms@https://registry.npmjs.org/@babel/helper-module-transforms/-/helper-module-transforms-7.29.7.tgz. Extracting by manifest.
1084 silly tarball no local data for @babel/helper-compilation-targets@https://registry.npmjs.org/@babel/helper-compilation-targets/-/helper-compilation-targets-7.29.7.tgz. Extracting by manifest.
1085 silly tarball no local data for @babel/generator@https://registry.npmjs.org/@babel/generator/-/generator-7.29.8.tgz. Extracting by manifest.
1086 silly tarball no local data for react-refresh@https://registry.npmjs.org/react-refresh/-/react-refresh-0.17.0.tgz. Extracting by manifest.
1087 silly tarball no local data for @babel/code-frame@https://registry.npmjs.org/@babel/code-frame/-/code-frame-7.29.7.tgz. Extracting by manifest.
1088 silly tarball no local data for @types/babel__core@https://registry.npmjs.org/@types/babel__core/-/babel__core-7.20.5.tgz. Extracting by manifest.
1089 silly tarball no local data for @rolldown/pluginutils@https://registry.npmjs.org/@rolldown/pluginutils/-/pluginutils-1.0.0-beta.27.tgz. Extracting by manifest.
1090 silly tarball no local data for @babel/plugin-transform-react-jsx-source@https://registry.npmjs.org/@babel/plugin-transform-react-jsx-source/-/plugin-transform-react-jsx-source-7.29.7.tgz. Extracting by manifest.
1091 silly tarball no local data for @babel/plugin-transform-react-jsx-self@https://registry.npmjs.org/@babel/plugin-transform-react-jsx-self/-/plugin-transform-react-jsx-self-7.29.7.tgz. Extracting by manifest.
1092 silly tarball no local data for @babel/core@https://registry.npmjs.org/@babel/core/-/core-7.29.7.tgz. Extracting by manifest.
1093 silly tarball no local data for csstype@https://registry.npmjs.org/csstype/-/csstype-3.2.3.tgz. Extracting by manifest.
1094 silly tarball no local data for @types/prop-types@https://registry.npmjs.org/@types/prop-types/-/prop-types-15.7.15.tgz. Extracting by manifest.
1095 silly tarball no local data for typescript@https://registry.npmjs.org/typescript/-/typescript-5.6.3.tgz. Extracting by manifest.
1096 silly tarball no local data for react-dom@https://registry.npmjs.org/react-dom/-/react-dom-18.3.1.tgz. Extracting by manifest.
1097 silly tarball no local data for react@https://registry.npmjs.org/react/-/react-18.3.1.tgz. Extracting by manifest.
1098 silly tarball no local data for axios@https://registry.npmjs.org/axios/-/axios-1.19.0.tgz. Extracting by manifest.
1099 silly tarball no local data for react-router-dom@https://registry.npmjs.org/react-router-dom/-/react-router-dom-6.30.4.tgz. Extracting by manifest.
1100 silly tarball no local data for vite@https://registry.npmjs.org/vite/-/vite-5.4.21.tgz. Extracting by manifest.
1101 silly tarball no local data for @vitejs/plugin-react@https://registry.npmjs.org/@vitejs/plugin-react/-/plugin-react-4.7.0.tgz. Extracting by manifest.
1102 silly tarball no local data for @types/react-dom@https://registry.npmjs.org/@types/react-dom/-/react-dom-18.3.7.tgz. Extracting by manifest.
1103 silly tarball no local data for @types/react@https://registry.npmjs.org/@types/react/-/react-18.3.31.tgz. Extracting by manifest.
1104 silly tarball no local data for debug@https://registry.npmjs.org/debug/-/debug-4.4.3.tgz. Extracting by manifest.
1105 http fetch GET 200 https://registry.npmjs.org/dunder-proto/-/dunder-proto-1.0.1.tgz 9695ms (cache miss)
1106 http fetch GET 200 https://registry.npmjs.org/@types/estree/-/estree-1.0.9.tgz 9767ms (cache miss)
1107 http fetch GET 200 https://registry.npmjs.org/function-bind/-/function-bind-1.1.2.tgz 9745ms (cache miss)
1108 http fetch GET 200 https://registry.npmjs.org/gopd/-/gopd-1.2.0.tgz 9876ms (cache miss)
1109 http fetch GET 200 https://registry.npmjs.org/yallist/-/yallist-3.1.1.tgz 10141ms (cache miss)
1110 http fetch GET 200 https://registry.npmjs.org/get-proto/-/get-proto-1.0.1.tgz 10123ms (cache miss)
1111 http fetch GET 200 https://registry.npmjs.org/math-intrinsics/-/math-intrinsics-1.1.0.tgz 10129ms (cache miss)
1112 http fetch GET 200 https://registry.npmjs.org/has-tostringtag/-/has-tostringtag-1.0.2.tgz 10096ms (cache miss)
1113 http fetch GET 200 https://registry.npmjs.org/agent-base/-/agent-base-6.0.2.tgz 10396ms (cache miss)
1114 http fetch GET 200 https://registry.npmjs.org/has-symbols/-/has-symbols-1.1.0.tgz 10684ms (cache miss)
1115 http fetch GET 200 https://registry.npmjs.org/asynckit/-/asynckit-0.4.0.tgz 10859ms (cache miss)
1116 http fetch GET 200 https://registry.npmjs.org/es-object-atoms/-/es-object-atoms-1.1.2.tgz 11089ms (cache miss)
1117 http fetch GET 200 https://registry.npmjs.org/es-define-property/-/es-define-property-1.0.1.tgz 11100ms (cache miss)
1118 http fetch GET 200 https://registry.npmjs.org/mime-types/-/mime-types-2.1.35.tgz 11104ms (cache miss)
1119 http fetch GET 200 https://registry.npmjs.org/lru-cache/-/lru-cache-5.1.1.tgz 11201ms (cache miss)
1120 http fetch GET 200 https://registry.npmjs.org/combined-stream/-/combined-stream-1.0.8.tgz 11352ms (cache miss)
1121 http fetch GET 200 https://registry.npmjs.org/update-browserslist-db/-/update-browserslist-db-1.2.3.tgz 11553ms (cache miss)
1122 http fetch GET 200 https://registry.npmjs.org/@babel/helper-globals/-/helper-globals-7.29.7.tgz 11495ms (cache miss)
1123 http fetch GET 200 https://registry.npmjs.org/picocolors/-/picocolors-1.1.1.tgz 11483ms (cache miss)
1124 http fetch GET 200 https://registry.npmjs.org/@types/babel__template/-/babel__template-7.4.4.tgz 11727ms (cache miss)
1125 http fetch GET 200 https://registry.npmjs.org/@types/babel__generator/-/babel__generator-7.27.0.tgz 11722ms (cache miss)
1126 http fetch GET 200 https://registry.npmjs.org/@babel/helper-plugin-utils/-/helper-plugin-utils-7.29.7.tgz 11713ms (cache miss)
1127 http fetch GET 200 https://registry.npmjs.org/js-tokens/-/js-tokens-4.0.0.tgz 11719ms (cache miss)
1128 http fetch GET 200 https://registry.npmjs.org/@rolldown/pluginutils/-/pluginutils-1.0.0-beta.27.tgz 11677ms (cache miss)
1129 http fetch GET 200 https://registry.npmjs.org/ms/-/ms-2.1.3.tgz 12095ms (cache miss)
1130 http fetch GET 200 https://registry.npmjs.org/jsesc/-/jsesc-3.1.0.tgz 12051ms (cache miss)
1131 http fetch GET 200 https://registry.npmjs.org/@babel/plugin-transform-react-jsx-self/-/plugin-transform-react-jsx-self-7.29.7.tgz 12349ms (cache miss)
1132 http fetch GET 200 https://registry.npmjs.org/@babel/helper-string-parser/-/helper-string-parser-7.29.7.tgz 12521ms (cache miss)
1133 http fetch GET 200 https://registry.npmjs.org/@types/prop-types/-/prop-types-15.7.15.tgz 12535ms (cache miss)
1134 http fetch GET 200 https://registry.npmjs.org/delayed-stream/-/delayed-stream-1.0.0.tgz 12779ms (cache miss)
1135 http fetch GET 200 https://registry.npmjs.org/@types/babel__core/-/babel__core-7.20.5.tgz 12923ms (cache miss)
1136 http fetch GET 200 https://registry.npmjs.org/@babel/plugin-transform-react-jsx-source/-/plugin-transform-react-jsx-source-7.29.7.tgz 12917ms (cache miss)
1137 http fetch GET 200 https://registry.npmjs.org/node-releases/-/node-releases-2.0.51.tgz 13373ms (cache miss)
1138 http fetch GET 200 https://registry.npmjs.org/convert-source-map/-/convert-source-map-2.0.0.tgz 13432ms (cache miss)
1139 http fetch GET 200 https://registry.npmjs.org/loose-envify/-/loose-envify-1.4.0.tgz 13678ms (cache miss)
1140 http fetch GET 200 https://registry.npmjs.org/gensync/-/gensync-1.0.0-beta.2.tgz 13823ms (cache miss)
1141 http fetch GET 200 https://registry.npmjs.org/semver/-/semver-6.3.1.tgz 13839ms (cache miss)
1142 http fetch GET 200 https://registry.npmjs.org/@babel/code-frame/-/code-frame-7.29.7.tgz 13862ms (cache miss)
1143 http fetch GET 200 https://registry.npmjs.org/proxy-from-env/-/proxy-from-env-2.1.0.tgz 14487ms (cache miss)
1144 http fetch GET 200 https://registry.npmjs.org/@jridgewell/resolve-uri/-/resolve-uri-3.1.2.tgz 14526ms (cache miss)
1145 http fetch GET 200 https://registry.npmjs.org/debug/-/debug-4.4.3.tgz 14190ms (cache miss)
1146 http fetch GET 200 https://registry.npmjs.org/@types/babel__traverse/-/babel__traverse-7.28.0.tgz 14676ms (cache miss)
1147 http fetch GET 200 https://registry.npmjs.org/@babel/helper-validator-option/-/helper-validator-option-7.29.7.tgz 15056ms (cache miss)
1148 http fetch GET 200 https://registry.npmjs.org/es-set-tostringtag/-/es-set-tostringtag-2.1.0.tgz 15254ms (cache miss)
1149 http fetch GET 200 https://registry.npmjs.org/hasown/-/hasown-2.0.4.tgz 15265ms (cache miss)
1150 http fetch GET 200 https://registry.npmjs.org/@vitejs/plugin-react/-/plugin-react-4.7.0.tgz 15198ms (cache miss)
1151 http fetch GET 200 https://registry.npmjs.org/@babel/helper-validator-identifier/-/helper-validator-identifier-7.29.7.tgz 15361ms (cache miss)
1152 http fetch GET 200 https://registry.npmjs.org/escalade/-/escalade-3.2.0.tgz 15655ms (cache miss)
1153 http fetch GET 200 https://registry.npmjs.org/react-refresh/-/react-refresh-0.17.0.tgz 15422ms (cache miss)
1154 http fetch GET 200 https://registry.npmjs.org/@types/react-dom/-/react-dom-18.3.7.tgz 15373ms (cache miss)
1155 http fetch GET 200 https://registry.npmjs.org/baseline-browser-mapping/-/baseline-browser-mapping-2.11.9.tgz 15699ms (cache miss)
1156 http fetch GET 200 https://registry.npmjs.org/follow-redirects/-/follow-redirects-1.16.0.tgz 15674ms (cache miss)
1157 http fetch GET 200 https://registry.npmjs.org/mime-db/-/mime-db-1.52.0.tgz 16258ms (cache miss)
1158 http fetch GET 200 https://registry.npmjs.org/get-intrinsic/-/get-intrinsic-1.3.0.tgz 16294ms (cache miss)
1159 http fetch GET 200 https://registry.npmjs.org/https-proxy-agent/-/https-proxy-agent-5.0.1.tgz 16609ms (cache miss)
1160 http fetch GET 200 https://registry.npmjs.org/@babel/helper-module-imports/-/helper-module-imports-7.29.7.tgz 16579ms (cache miss)
1161 http fetch GET 200 https://registry.npmjs.org/form-data/-/form-data-4.0.6.tgz 16647ms (cache miss)
1162 http fetch GET 200 https://registry.npmjs.org/esbuild/-/esbuild-0.21.5.tgz 17552ms (cache miss)
1163 http fetch GET 200 https://registry.npmjs.org/browserslist/-/browserslist-4.28.7.tgz 17576ms (cache miss)
1164 http fetch GET 200 https://registry.npmjs.org/@babel/compat-data/-/compat-data-7.29.7.tgz 17882ms (cache miss)
1165 http fetch GET 200 https://registry.npmjs.org/electron-to-chromium/-/electron-to-chromium-1.5.399.tgz 18594ms (cache miss)
1166 http fetch GET 200 https://registry.npmjs.org/@babel/helper-compilation-targets/-/helper-compilation-targets-7.29.7.tgz 18589ms (cache miss)
1167 http fetch GET 200 https://registry.npmjs.org/scheduler/-/scheduler-0.23.2.tgz 19147ms (cache miss)
1168 http fetch GET 200 https://registry.npmjs.org/@babel/helper-module-transforms/-/helper-module-transforms-7.29.7.tgz 19209ms (cache miss)
1169 http fetch GET 200 https://registry.npmjs.org/@babel/template/-/template-7.29.7.tgz 19439ms (cache miss)
1170 http fetch GET 200 https://registry.npmjs.org/call-bind-apply-helpers/-/call-bind-apply-helpers-1.0.2.tgz 19668ms (cache miss)
1171 http fetch GET 200 https://registry.npmjs.org/es-errors/-/es-errors-1.3.0.tgz 19971ms (cache miss)
1172 http fetch GET 200 https://registry.npmjs.org/@types/react/-/react-18.3.31.tgz 20090ms (cache miss)
1173 http fetch GET 200 https://registry.npmjs.org/json5/-/json5-2.2.3.tgz 20227ms (cache miss)
1174 http fetch GET 200 https://registry.npmjs.org/nanoid/-/nanoid-3.3.16.tgz 20688ms (cache miss)
1175 http fetch GET 200 https://registry.npmjs.org/csstype/-/csstype-3.2.3.tgz 20354ms (cache miss)
1176 http fetch GET 200 https://registry.npmjs.org/source-map-js/-/source-map-js-1.2.1.tgz 20776ms (cache miss)
1177 http fetch GET 200 https://registry.npmjs.org/react/-/react-18.3.1.tgz 20575ms (cache miss)
1178 http fetch GET 200 https://registry.npmjs.org/@jridgewell/sourcemap-codec/-/sourcemap-codec-1.5.5.tgz 21126ms (cache miss)
1179 http fetch GET 200 https://registry.npmjs.org/@jridgewell/gen-mapping/-/gen-mapping-0.3.13.tgz 21958ms (cache miss)
1180 http fetch GET 200 https://registry.npmjs.org/@jridgewell/remapping/-/remapping-2.3.5.tgz 22149ms (cache miss)
1181 http fetch GET 200 https://registry.npmjs.org/react-router-dom/-/react-router-dom-6.30.4.tgz 23742ms (cache miss)
1182 http fetch GET 200 https://registry.npmjs.org/@rollup/rollup-win32-x64-gnu/-/rollup-win32-x64-gnu-4.62.4.tgz 24260ms (cache miss)
1183 http fetch GET 200 https://registry.npmjs.org/react-router/-/react-router-6.30.4.tgz 24554ms (cache miss)
1184 http fetch GET 200 https://registry.npmjs.org/@babel/parser/-/parser-7.29.8.tgz 24405ms (cache miss)
1185 http fetch GET 200 https://registry.npmjs.org/@rollup/rollup-win32-x64-msvc/-/rollup-win32-x64-msvc-4.62.4.tgz 25160ms (cache miss)
1186 http fetch GET 200 https://registry.npmjs.org/@jridgewell/trace-mapping/-/trace-mapping-0.3.31.tgz 25496ms (cache miss)
1187 http fetch GET 200 https://registry.npmjs.org/@babel/generator/-/generator-7.29.8.tgz 25703ms (cache miss)
1188 http fetch GET 200 https://registry.npmjs.org/postcss/-/postcss-8.5.25.tgz 26920ms (cache miss)
1189 http fetch GET 200 https://registry.npmjs.org/@remix-run/router/-/router-1.23.3.tgz 28867ms (cache miss)
1190 http fetch GET 200 https://registry.npmjs.org/@babel/traverse/-/traverse-7.29.8.tgz 28673ms (cache miss)
1191 http fetch GET 200 https://registry.npmjs.org/rollup/-/rollup-4.62.4.tgz 30419ms (cache miss)
1192 http fetch GET 200 https://registry.npmjs.org/vite/-/vite-5.4.21.tgz 30524ms (cache miss)
1193 http fetch GET 200 https://registry.npmjs.org/react-dom/-/react-dom-18.3.1.tgz 34683ms (cache miss)
1194 http fetch GET 200 https://registry.npmjs.org/axios/-/axios-1.19.0.tgz 37545ms (cache miss)
1195 http fetch GET 200 https://registry.npmjs.org/@babel/core/-/core-7.29.7.tgz 38652ms (cache miss)
1196 http fetch GET 200 https://registry.npmjs.org/@esbuild/win32-x64/-/win32-x64-0.21.5.tgz 40705ms (cache miss)
1197 http fetch GET 200 https://registry.npmjs.org/@babel/types/-/types-7.29.8.tgz 42434ms (cache miss)
1198 http fetch GET 200 https://registry.npmjs.org/@babel/helpers/-/helpers-7.29.7.tgz 44672ms (cache miss)
1199 http fetch GET 200 https://registry.npmjs.org/typescript/-/typescript-5.6.3.tgz 50432ms (cache miss)
1200 http fetch GET 200 https://registry.npmjs.org/caniuse-lite/-/caniuse-lite-1.0.30001806.tgz 58908ms (cache miss)
1201 info run esbuild@0.21.5 postinstall node_modules/esbuild node install.js
1202 info run esbuild@0.21.5 postinstall { code: 0, signal: null }
1203 silly ADD node_modules/@types/estree
1204 silly ADD node_modules/@rollup/rollup-win32-x64-msvc
1205 silly ADD node_modules/@rollup/rollup-win32-x64-gnu
1206 silly ADD
1207 silly ADD
1208 silly ADD
1209 silly ADD
1210 silly ADD
1211 silly ADD
1212 silly ADD
1213 silly ADD
1214 silly ADD
1215 silly ADD
1216 silly ADD
1217 silly ADD
1218 silly ADD
1219 silly ADD
1220 silly ADD
1221 silly ADD
1222 silly ADD
1223 silly ADD
1224 silly ADD
1225 silly ADD
1226 silly ADD
1227 silly ADD
1228 silly ADD
1229 silly ADD
1230 silly ADD node_modules/source-map-js
1231 silly ADD node_modules/nanoid
1232 silly ADD node_modules/@esbuild/win32-x64
1233 silly ADD
1234 silly ADD
1235 silly ADD
1236 silly ADD
1237 silly ADD
1238 silly ADD
1239 silly ADD
1240 silly ADD
1241 silly ADD
1242 silly ADD
1243 silly ADD
1244 silly ADD
1245 silly ADD
1246 silly ADD
1247 silly ADD
1248 silly ADD
1249 silly ADD
1250 silly ADD
1251 silly ADD
1252 silly ADD
1253 silly ADD
1254 silly ADD
1255 silly ADD node_modules/rollup
1256 silly ADD node_modules/postcss
1257 silly ADD
1258 silly ADD node_modules/esbuild
1259 silly ADD node_modules/escalade
1260 silly ADD node_modules/react-router
1261 silly ADD node_modules/@remix-run/router
1262 silly ADD node_modules/scheduler
1263 silly ADD node_modules/loose-envify
1264 silly ADD node_modules/mime-db
1265 silly ADD node_modules/yallist
1266 silly ADD node_modules/agent-base
1267 silly ADD node_modules/dunder-proto
1268 silly ADD node_modules/math-intrinsics
1269 silly ADD node_modules/has-symbols
1270 silly ADD node_modules/gopd
1271 silly ADD node_modules/get-proto
1272 silly ADD node_modules/function-bind
1273 silly ADD node_modules/es-object-atoms
1274 silly ADD node_modules/es-define-property
1275 silly ADD node_modules/call-bind-apply-helpers
1276 silly ADD node_modules/has-tostringtag
1277 silly ADD node_modules/get-intrinsic
1278 silly ADD node_modules/es-errors
1279 silly ADD node_modules/delayed-stream
1280 silly ADD node_modules/mime-types
1281 silly ADD node_modules/hasown
1282 silly ADD node_modules/es-set-tostringtag
1283 silly ADD node_modules/combined-stream
1284 silly ADD node_modules/asynckit
1285 silly ADD node_modules/ms
1286 silly ADD node_modules/update-browserslist-db
1287 silly ADD node_modules/node-releases
1288 silly ADD node_modules/electron-to-chromium
1289 silly ADD node_modules/caniuse-lite
1290 silly ADD node_modules/baseline-browser-mapping
1291 silly ADD node_modules/proxy-from-env
1292 silly ADD node_modules/https-proxy-agent
1293 silly ADD node_modules/form-data
1294 silly ADD node_modules/follow-redirects
1295 silly ADD node_modules/@types/babel__traverse
1296 silly ADD node_modules/@types/babel__template
1297 silly ADD node_modules/@types/babel__generator
1298 silly ADD node_modules/@jridgewell/resolve-uri
1299 silly ADD node_modules/@jridgewell/sourcemap-codec
1300 silly ADD node_modules/@babel/helper-string-parser
1301 silly ADD node_modules/@babel/helper-globals
1302 silly ADD node_modules/@babel/helper-plugin-utils
1303 silly ADD node_modules/@babel/helper-module-imports
1304 silly ADD node_modules/lru-cache
1305 silly ADD node_modules/browserslist
1306 silly ADD node_modules/@babel/helper-validator-option
1307 silly ADD node_modules/@babel/compat-data
1308 silly ADD node_modules/jsesc
1309 silly ADD node_modules/@jridgewell/trace-mapping
1310 silly ADD node_modules/@jridgewell/gen-mapping
1311 silly ADD node_modules/picocolors
1312 silly ADD node_modules/js-tokens
1313 silly ADD node_modules/@babel/helper-validator-identifier
1314 silly ADD node_modules/semver
1315 silly ADD node_modules/json5
1316 silly ADD node_modules/gensync
1317 silly ADD node_modules/debug
1318 silly ADD node_modules/convert-source-map
1319 silly ADD node_modules/@jridgewell/remapping
1320 silly ADD node_modules/@babel/types
1321 silly ADD node_modules/@babel/traverse
1322 silly ADD node_modules/@babel/template
1323 silly ADD node_modules/@babel/parser
1324 silly ADD node_modules/@babel/helpers
1325 silly ADD node_modules/@babel/helper-module-transforms
1326 silly ADD node_modules/@babel/helper-compilation-targets
1327 silly ADD node_modules/@babel/generator
1328 silly ADD node_modules/@babel/code-frame
1329 silly ADD node_modules/react-refresh
1330 silly ADD node_modules/@types/babel__core
1331 silly ADD node_modules/@rolldown/pluginutils
1332 silly ADD node_modules/@babel/plugin-transform-react-jsx-source
1333 silly ADD node_modules/@babel/plugin-transform-react-jsx-self
1334 silly ADD node_modules/@babel/core
1335 silly ADD node_modules/csstype
1336 silly ADD node_modules/@types/prop-types
1337 silly ADD node_modules/typescript
1338 silly ADD node_modules/react-router-dom
1339 silly ADD node_modules/react-dom
1340 silly ADD node_modules/react
1341 silly ADD node_modules/axios
1342 silly ADD node_modules/vite
1343 silly ADD node_modules/@vitejs/plugin-react
1344 silly ADD node_modules/@types/react-dom
1345 silly ADD node_modules/@types/react
1346 verbose cwd D:\My-Wallet\frontend-admin
1347 verbose os Windows_NT 10.0.19045
1348 verbose node v22.15.0
1349 verbose npm  v10.9.2
1350 notice
1350 notice New major version of npm available! 10.9.2 -> 12.0.2
1350 notice Changelog: https://github.com/npm/cli/releases/tag/v12.0.2
1350 notice To update run: npm install -g npm@12.0.2
1350 notice  { force: true, [Symbol(proc-log.meta)]: true }
1351 verbose exit 0
1352 info ok
